StartDate,EndDate,Status,Progress,Duration (in seconds),Finished,RecordedDate,ResponseId,DistributionChannel,UserLanguage,Q_RecaptchaScore,Q_RelevantIDDuplicate,Q_RelevantIDDuplicateScore,Q_RelevantIDFraudScore,Q_RelevantIDLastStartDate,Q1_Consent,Q3_Age,Q4_Gender,Q5_Edu_level,Q7_Pol_Ideology_1,Q8_Emp,Q10_Trust_1,Q10_Trust_2,Q10_Trust_3,Q10_Trust_4,Q11_WE_Home,Q12_WE_Visit,Q13_WE_Emp,Q14_WE_Invest,Q15_WT_Dist,Q16_WEUse,Q17_Know_1,Q17_Know_2,Q17_Know_3,Q17_Know_4,Q17_Know_5,Q17_Know_6,Q18,Q20_Env_Concern_1,Q20_Env_Concern_2,Q20_Env_Concern_3,Q20_Env_Concern_4,Q20_Env_Concern_5,Q20_Env_Concern_DO,Q24_SA_Att_1,Q24_SA_Att_2,Q24_SA_Att_3,Q24_SA_Att_4,Q24_SA_Att_5,Q25_SA_Fact_1,Q25_SA_Fact_2,Q25_SA_Fact_3,Q25_SA_Fact_4,Q25_SA_Fact_5,Q25_SA_Fact_6,Q25_SA_Fact_7,Q25_SA_Fact_8,Q25_SA_Fact_DO,Q26_SA_Behav_1,Q26_SA_Behav_2,Q26_SA_Behav_3,Q26_SA_Behav_4,Q26_SA_Behav_5,Q26_SA_Behav_DO,Q27_WTP,Q28_Acc_1,Q28_Acc_2,Q28_Acc_DO,Q29_Eco_Perc_1,Q29_Eco_Perc_2,Q29_Eco_Perc_3,Q29_Eco_Perc_4,Q29_Eco_Perc_5,Q29_Eco_Perc_6,Q29_Eco_Perc_7,Q30_Env_Id_1,Q30_Env_Id_2,Q30_Env_Id_3,Q30_Env_Id_4,Q30_Env_Id_5,Q30_Env_Id_6,Q30_Env_Id_7,Q30_Env_Id_8,Q30_Env_Id_9,Q30_Env_Id_10,Q30_Env_Id_11,Q30_Env_Id_DO,Q31_Check,Q31_Check_DO,Q32_Social_Norm_1,Q32_Social_Norm_2,Q32_Social_Norm_3,Q33_Comm_ID_1,Q33_Comm_ID_2,Q33_Comm_ID_3,Q34_Trust_Gen_1,Q34_Trust_Gen_2,Q34_Trust_Gen_3,FL_24_DO
Start Date,End Date,Response Type,Progress,Duration (in seconds),Finished,Recorded Date,Response ID,Distribution Channel,User Language,Q_RecaptchaScore,Q_RelevantIDDuplicate,Q_RelevantIDDuplicateScore,Q_RelevantIDFraudScore,Q_RelevantIDLastStartDate,"Kjære deltaker,



Velkommen til vår spørreundersøkelse!



Studietittel: Befolkningens holdninger til vindkraft i Norge.  



Prosjekt: WENDY – Multikriterieanalyse av de tekniske, miljømessige og sosiale faktorene som utløser aksept for vindteknologier.  



Hensikten med forskningen: Denne forskningsstudien er en del av et europeisk prosjekt kalt WENDY, som er finansiert av EUs forsknings- og innovasjonsprogram, Horisont Europa, under tilskuddsavtale nr. 101084137. Målet med spørreundersøkelsen er å innhente informasjon om sosiale og psykologiske faktorer som påvirker folks aksept, støtte eller motstand mot vindkraft og vindparker. Ni europeiske partnere er med i dette prosjektet: Foundacion Circe, White Research, Stiftelsen Norsk Institutt for Naturforskning NINA, Enel Green Power, Norwegian Offshore Wind, Minoan Energy Community, Copenhagen Business School, APPA Renovables, and Q-Plan International.



I denne undesøkelsen vil vi presentere informasjon om vindkraft og vindparker, og ber deg svare på noen enkle spørsmål. Du vil også bli bedt om å oppgi noen personopplysninger i løpet av spørreundersøkelsen.



Din deltakelse: Vi inviterer deg til å delta i denne spørreundersøkelsen for å hjelpe oss med å forstå faktorene som påvirker den sosiale aksepten for vindkraft. Spørreundersøkelsen vil ta omtrent 10-15 minutter å gjennomføre. Din deltakelse er helt frivillig, og du kan avslutte når som helst. Dersom du ikke ønsker å oppgi den forespurte informasjonen, vil den eneste konsekvensen være at du ikke kan delta i forskningsprosjektet.



Risiko og fordeler: Så langt vi vet, medfører ikke deltakelse i denne undersøkelsen mer risiko enn hverdagslivet for øvrig. Dersom du likevel ikke ønsker å besvare spesifikke spørsmål, kan du la disse stå tomme. Du trenger ikke å oppgi noen årsak for å ikke besvare et spørsmål, eller for å ikke ønske å delta i den nettbaserte spørreundersøkelsen. Din deltakelse vil hjelpe oss å forstå de ulike årsakene til motstand mot vindkraft i EU, og dermed bedre utvikle løsninger på denne utfordringen.



Konfidensialitet: Alle dine personopplysninger vil bli behandlet konfidensielt. Ingen svar i undersøkelsen vil kunne spores tilbake til enkeltpersoner. I tilfelle resultater fra spørreundersøkelsen publiseres, vil all personlig identifiserbar informasjon bli anonymisert (ingen navn eller personopplysninger vil bli brukt). Vi samler kun personlige opplysningene som er nødvendige for å oppnå målene med studien, og tar sikte på å minimere risiko.

Alle samarbeidspartnere som er involvert i WENDY-prosjektet overholder EUs personvernforordning (GDPR) og annen relevant europeisk og nasjonal lovgivning.



Det juridiske grunnlaget for behandling av personopplysninger: Personopplysninger knyttet til utdanning, inntekt, alder, kjønn osv. behandles i samsvar med Artikkel 6 (a), bokstav e. Dataene vil ikke bli overført til tredjeland.  



Mottakere av personopplysninger: Dine personlige opplysninger vil ikke deles med noen utenfor prosjektet. Informasjonen vil imidlertid deles med de andre europeiske partnerne som del av dette forskningsprosjektet. Vi vil også kunne dele informasjonen vi innhenter fra deg til bruk i fremtidige forskningsprosjekter eller med andre forskere eller redaktører. Dersom vi deler informasjon vi innhenter om deg, vil vi fjerne all personlig identifiserbar informasjon før vi deler den. Med andre ord vil kun anonymiserte opplysninger bli delt.



Oppbevaringsperiode for informasjon: Din informasjon vil anonymiseres gjennom innhentingen. Siden de anonymiserte opplysningene ikke inneholder personlige identifikatorer, vil de bli lagret og bevart for forskningsformål.



Kontakt: Dersom du har spørsmål, kan du spørre personen som gjennomfører undersøkelsen ELLER du kan kontakte forskningsteamet -

	Roopali Bhatnagar (rbh.msc@cbs.dk), Copenhagen Business School, Danmark.
	Christopher Harman (ch@norwegianoffshorewind.no), Norwegian Offshore Wind, Norge.



Copenhagen Business School vil være ansvarlig for tilgang til og behandling av opplysningene.  



Dersom du har spørsmål angående datasikkerheten som du ikke ønsker å stille til medlemmene av forskningsteamet, kan du også kontakte Copenhagen Business School sin databeskyttelsesrådgiver (DPO) – Jesper Smedgaard Madsen (dpo@cbs.dk).



Hvis du har lest og forstått informasjonen ovenfor, vennligst gi ditt svar nedenfor -",Hva er alderen din (i år)?,Hva er ditt kjønn?,Hva er den høyeste utdannelsen du har fullført?,"På en skala fra 1 til 7, der 1 representerer ekstremt liberal (venstre) og 7 representerer ekstremt konservativ (høyre), hvor vil du plassere deg selv? - Politisk ideologi",Hvilken beskrivelse passer best for din nåværende arbeidssituasjon?,Hvor høy eller lav tillit har du til følgende: - Regjeringen?,Hvor høy eller lav tillit har du til følgende: - Lokale myndigheter (f.eks. kommunenivå)?,Hvor høy eller lav tillit har du til følgende: - Utviklere av vindkraft?,Hvor høy eller lav tillit har du til følgende: - Energileverandører?,Bor du i nærheten av en vindpark?,Har du noen gang sett en vindturbin på nært hold eller besøkt en vindpark?,"Er din nåværende jobb på noen måte relatert til vindindustrien, for eksempel som utvikler, investor, konsulent, prosjektleder eller beslutningstaker?","Har du investert i en vindpark i ditt lokalområde, region eller land?",Cirka hvor langt er det fra ditt hjem til nærmeste vindturbin (målt i km)?,"Kommer strømmen du bruker, enten hjemme eller på arbeidsplassen, fra vindkraft?",Vennligst indiker din mening om de følgende påstandene: - Vindturbiner dreper fugler.,"Vennligst indiker din mening om de følgende påstandene: - Vindkraft er dyrt og kan ikke konkurrere med tradisjonelle energikilder (f.eks vannkraft, olje).",Vennligst indiker din mening om de følgende påstandene: - Vindkraft føre til økte strømregninger.,Vennligst indiker din mening om de følgende påstandene: - Vindturbiner bråker og kan påvirke helsen negativt.,Vennligst indiker din mening om de følgende påstandene: - Omtrent 95% av en vindturbin kan gjenvinnes.,Vennligst indiker din mening om de følgende påstandene: - Strøm produsert fra vindkraft slipper ikke ut klimagasser.,Hva er hovedkilden til strømproduksjon i Norge (2024)?,"Vennligst indiker din mening om de følgende påstandene: - Klimaendringene er ute av kontroll, og det er for sent å gjøre noe med det.",Vennligst indiker din mening om de følgende påstandene: - Effektene av klimaendringene ligger for langt frem i tid til at jeg bekymrer meg.,Vennligst indiker din mening om de følgende påstandene: - Miljøet har lav prioritet sammenlignet med andre ting i mitt liv.,"Vennligst indiker din mening om de følgende påstandene: - Hvis ting fortsetter som nå, vil vi snart oppleve en stor miljøkatastrofe.",Vennligst indiker din mening om de følgende påstandene: - Den såkalte ‘miljøkrisen’ menneskeheten står overfor er sterkt overdrevet.,Vennligst indiker din mening om de følgende påstandene: - Display Order,Vennligst indiker din mening om følgende påstander: - Jeg er generelt for vindkraft-teknologi.,Vennligst indiker din mening om følgende påstander: - Jeg støtter byggingen av vindparker i mitt land.,Vennligst indiker din mening om følgende påstander: - Jeg støtter bygging av en vindpark i min region (10-15 km fra mitt bosted).,Vennligst indiker din mening om følgende påstander: - Jeg støtter bygging av en vindpark i min kommune (3-5 km fra mitt bosted).,Vennligst indiker din mening om følgende påstander: - Jeg støtter bygging av en vindpark i mitt nærmiljø (1-2 km fra mitt bosted).,"Når du gjør deg opp en mening om vindkraft, vennligst indiker hvor viktig de følgende faktorene er for deg: - Miljømessige hensyn (f.eks, påvirkning på biologisk mangfold, dyreliv, økosystem).","Når du gjør deg opp en mening om vindkraft, vennligst indiker hvor viktig de følgende faktorene er for deg: - Klimahensyn (f.eks. global oppvarming, CO2-utslipp).","Når du gjør deg opp en mening om vindkraft, vennligst indiker hvor viktig de følgende faktorene er for deg: - Landskapsrelaterte hensyn (f.eks. visuell påvirkning, støy, plassering av vindparker).","Når du gjør deg opp en mening om vindkraft, vennligst indiker hvor viktig de følgende faktorene er for deg: - Økonomiske hensyn (f.eks. ansettelsesmuligheter, fordeler for nærmiljøet, kompensasjon, eiendomsverdier, strømpris).","Når du gjør deg opp en mening om vindkraft, vennligst indiker hvor viktig de følgende faktorene er for deg: - Helserelaterte hensyn (f.eks. irritasjon, stress).","Når du gjør deg opp en mening om vindkraft, vennligst indiker hvor viktig de følgende faktorene er for deg: - Politiske hensyn (f.eks. skatter, politisk beslutningstaking, energipolitikk).","Når du gjør deg opp en mening om vindkraft, vennligst indiker hvor viktig de følgende faktorene er for deg: - Annet (f.eks. tro på lokale myndigheter, utviklere av vinkraft, vindindustri, rettferdig beslutningstaking).","Når du gjør deg opp en mening om vindkraft, vennligst indiker hvor viktig de følgende faktorene er for deg: - Tekniske hensyn (f.eks størrelse på vindturbiner, antall vindturbiner i en vindpark, design av vindturbiner, gjenvinningsmuligheter av vindturbiner).","Når du gjør deg opp en mening om vindkraft, vennligst indiker hvor viktig de følgende faktorene er for deg: - Display Order","I løpet av de neste 12 månedene, er du villig til å: - Melde deg som frivillig til å fremme vindkraft i ditt nærmiljø (f.eks. 1 time per uke)?","I løpet av de neste 12 månedene, er du villig til å: - Bli med i et vindkraft-fellesskap i din region?","I løpet av de neste 12 månedene, er du villig til å: - Investere i en vindpark i ditt lokalsamfunn?","I løpet av de neste 12 månedene, er du villig til å: - Delta i protester eller demonstrasjoner mot planlagte vindkraftprosjekter i ditt lokalsamfunn?","I løpet av de neste 12 månedene, er du villig til å: - Delta i konsultasjon for innbyggere ved utbygging av vindpark i ditt lokalsamfunn?","I løpet av de neste 12 månedene, er du villig til å: - Display Order",Vennligst oppgi hvor mye du ville være villig til å betale månedlig for å støtte vindkraftprosjekter i din region eller nærmiljø (oppgi et beløp mellom 0 og 20 EURO):,"For deg, hvor akseptabelt er: - Landbaserte vindparker?","For deg, hvor akseptabelt er: - Havvindparker?","For deg, hvor akseptabelt er: - Display Order",Hvor kostbart tror du det er å produsere strøm fra disse energikildene? - Havvind,Hvor kostbart tror du det er å produsere strøm fra disse energikildene? - Landvind,Hvor kostbart tror du det er å produsere strøm fra disse energikildene? - Sol,Hvor kostbart tror du det er å produsere strøm fra disse energikildene? - Naturgass,Hvor kostbart tror du det er å produsere strøm fra disse energikildene? - Kull,Hvor kostbart tror du det er å produsere strøm fra disse energikildene? - Vannkraft,Hvor kostbart tror du det er å produsere strøm fra disse energikildene? - Kjernekraft,"Vennligst indiker i hvilken grad hver av følgende påstander beskriver deg: - Jeg liker å tilbringe tid utendørs, gjerne i naturen (f.eks. skoger, fjell, elver, marker, lokale parker, ved sjøen eller stranden, eller en frodig hage).",Vennligst indiker i hvilken grad hver av følgende påstander beskriver deg: - Jeg ser på meg selv som en del av naturen.,"Vennligst indiker i hvilken grad hver av følgende påstander beskriver deg: - Hvis jeg hadde hatt nok ressurser som tid eller penger, ville jeg brukt noe av det til å beskytte natur og miljø.","Vennligst indiker i hvilken grad hver av følgende påstander beskriver deg: - Når jeg er opprørt eller stresset, føler jeg meg bedre ved å tilbringe tid utendørs, omgitt av naturen.",Vennligst indiker i hvilken grad hver av følgende påstander beskriver deg: - Det er viktig for meg å handle ansvarlig overfor naturen og leve et bærekraftig liv.,Vennligst indiker i hvilken grad hver av følgende påstander beskriver deg: - Det bør være en del av alles oppdragelse å lære om naturen.,"Vennligst indiker i hvilken grad hver av følgende påstander beskriver deg: - Hvis jeg hadde muligheten, ville jeg valgt å bo et sted der jeg kan nyte utsikten mot naturen.",Vennligst indiker i hvilken grad hver av følgende påstander beskriver deg: - En viktig del av livet mitt ville vært fraværende hvis jeg ikke kunne tilbringe tid utendørs og nyte naturen fra tid til annen.,Vennligst indiker i hvilken grad hver av følgende påstander beskriver deg: - Jeg føler meg bra når jeg tilbringer tid i naturen.,Vennligst indiker i hvilken grad hver av følgende påstander beskriver deg: - Jeg trives i naturen.,"Vennligst indiker i hvilken grad hver av følgende påstander beskriver deg: - Jeg setter pris på å oppleve natur, også når jeg er i en by.",Vennligst indiker i hvilken grad hver av følgende påstander beskriver deg: - Display Order,"I bildet og teksten om vindkraft som ble vist tidligere i spørreundersøkelsen, hvilke kostnader og fordeler ble nevnt?","I bildet og teksten om vindkraft som ble vist tidligere i spørreundersøkelsen, hvilke kostnader og fordeler ble nevnt? - Display Order",Vennligst indiker din mening om følgende påstander: - Mange av mine naboer og venner bruker strøm fra fornybare energikilder.,Vennligst indiker din mening om følgende påstander: - Det er forventet av mine naboer og venner å spare energi.,"Vennligst indiker din mening om følgende påstander: - Menneskene jeg bryr meg om, aksepterer min involvering i lokale vindkraftprosjekter.",Vennligst indiker din mening om følgende påstander: - Jeg føler meg sterkt tilknyttet lokalsamfunnet jeg lever i.,Vennligst indiker din mening om følgende påstander: - Det er mange mennesker i mitt nærmiljø jeg betrakter som gode venner.,Vennligst indiker din mening om følgende påstander: - Jeg omtaler ofte lokalsamfunnet mitt som et flott sted å bo.,"Vennligst indiker din mening om følgende påstander: - Vil du si at de fleste mennesker er til å stole på, eller at det er viktig å være forsiktig når man har å gjøre med andre mennesker?","Vennligst indiker din mening om følgende påstander: - Tror du de fleste mennesker ville forsøkt å utnytte deg dersom de fikk muligheten, eller ville de forsøke å være rettferdige?","Vennligst indiker din mening om følgende påstander: - Ville du si at mennesker generelt prøver å være hjelpsomme, eller at de hovedsakelig tar vare på seg selv?",FL_24 - Block Randomizer - Display Order
"{""ImportId"":""startDate"",""timeZone"":""Europe/Berlin""}","{""ImportId"":""endDate"",""timeZone"":""Europe/Berlin""}","{""ImportId"":""status""}","{""ImportId"":""progress""}","{""ImportId"":""duration""}","{""ImportId"":""finished""}","{""ImportId"":""recordedDate"",""timeZone"":""Europe/Berlin""}","{""ImportId"":""_recordId""}","{""ImportId"":""distributionChannel""}","{""ImportId"":""userLanguage""}","{""ImportId"":""Q_RecaptchaScore""}","{""ImportId"":""Q_RelevantIDDuplicate""}","{""ImportId"":""Q_RelevantIDDuplicateScore""}","{""ImportId"":""Q_RelevantIDFraudScore""}","{""ImportId"":""Q_RelevantIDLastStartDate"",""timeZone"":""UTC""}","{""ImportId"":""QID1""}","{""ImportId"":""QID4_TEXT""}","{""ImportId"":""QID5""}","{""ImportId"":""QID6""}","{""ImportId"":""QID17_1""}","{""ImportId"":""QID27""}","{""ImportId"":""QID52_6""}","{""ImportId"":""QID52_7""}","{""ImportId"":""QID52_9""}","{""ImportId"":""QID52_10""}","{""ImportId"":""QID29""}","{""ImportId"":""QID30""}","{""ImportId"":""QID39""}","{""ImportId"":""QID42""}","{""ImportId"":""QID43_TEXT""}","{""ImportId"":""QID47""}","{""ImportId"":""QID41_1""}","{""ImportId"":""QID41_2""}","{""ImportId"":""QID41_3""}","{""ImportId"":""QID41_4""}","{""ImportId"":""QID41_5""}","{""ImportId"":""QID41_6""}","{""ImportId"":""QID46""}","{""ImportId"":""QID40_6""}","{""ImportId"":""QID40_7""}","{""ImportId"":""QID40_8""}","{""ImportId"":""QID40_9""}","{""ImportId"":""QID40_10""}","{""ImportId"":""QID40_DO""}","{""ImportId"":""QID34_1""}","{""ImportId"":""QID34_2""}","{""ImportId"":""QID34_3""}","{""ImportId"":""QID34_4""}","{""ImportId"":""QID34_5""}","{""ImportId"":""QID38_1""}","{""ImportId"":""QID38_2""}","{""ImportId"":""QID38_3""}","{""ImportId"":""QID38_4""}","{""ImportId"":""QID38_5""}","{""ImportId"":""QID38_6""}","{""ImportId"":""QID38_7""}","{""ImportId"":""QID38_8""}","{""ImportId"":""QID38_DO""}","{""ImportId"":""QID35_1""}","{""ImportId"":""QID35_2""}","{""ImportId"":""QID35_3""}","{""ImportId"":""QID35_4""}","{""ImportId"":""QID35_5""}","{""ImportId"":""QID35_DO""}","{""ImportId"":""QID36_TEXT""}","{""ImportId"":""QID37_1""}","{""ImportId"":""QID37_2""}","{""ImportId"":""QID37_DO""}","{""ImportId"":""QID51_12""}","{""ImportId"":""QID51_13""}","{""ImportId"":""QID51_7""}","{""ImportId"":""QID51_8""}","{""ImportId"":""QID51_9""}","{""ImportId"":""QID51_10""}","{""ImportId"":""QID51_11""}","{""ImportId"":""QID50_1""}","{""ImportId"":""QID50_13""}","{""ImportId"":""QID50_14""}","{""ImportId"":""QID50_4""}","{""ImportId"":""QID50_5""}","{""ImportId"":""QID50_6""}","{""ImportId"":""QID50_7""}","{""ImportId"":""QID50_8""}","{""ImportId"":""QID50_10""}","{""ImportId"":""QID50_11""}","{""ImportId"":""QID50_12""}","{""ImportId"":""QID50_DO""}","{""ImportId"":""QID49""}","{""ImportId"":""QID49_DO""}","{""ImportId"":""QID48_1""}","{""ImportId"":""QID48_2""}","{""ImportId"":""QID48_3""}","{""ImportId"":""QID44_1""}","{""ImportId"":""QID44_2""}","{""ImportId"":""QID44_3""}","{""ImportId"":""QID45_1""}","{""ImportId"":""QID45_2""}","{""ImportId"":""QID45_3""}","{""ImportId"":""FL_24_DO""}"
2024-06-21 15:29:37,2024-06-21 15:29:45,0,100,7,1,2024-06-21 15:29:45,R_3jffRKrPbHuGpnf,anonymous,EN,1,,0,0,,2,,,,,,,,,,,,,,,,,,,,,,,,,,,,,,,,,,,,,,,,,,,,,,,,,,,,,,,,,,,,,,,,,,,,,,,,,,,,,,,,,,,
2024-06-21 15:31:21,2024-06-21 15:38:32,0,100,431,1,2024-06-21 15:38:33,R_1IZ7feRmLbHWb49,anonymous,EN,1,,0,0,,1,50,2,4,4,1,4,4,4,3,2,2,1,1,100,2,4,4,2,3,4,5,5,3,2,2,4,2,5|2|3|4|1,4,4,4,4,4,6,7,6,6,6,6,5,6,8|3|2|7|1|4|5|6,2,2,2,2,2,1|2|4|3|5,0,4,4,1|2,5,4,4,4,4,3,4,7,7,7,7,7,7,7,7,7,7,7,4|10|9|6|3|1|7|8|5|2|11,3,1|2|3|4,2,4,3,2,2,2,5,5,5,Condition2_Env
2024-06-21 15:37:36,2024-06-21 15:39:56,0,100,139,1,2024-06-21 15:39:56,R_2dsw3TJi0UzwXvO,anonymous,EN,1,,0,0,,1,30,2,5,1,1,1,2,3,3,1,1,2,2,,4,3,3,3,4,4,3,2,5,4,5,4,4,5|1|3|4|2,3,4,4,3,4,5,6,5,5,6,6,5,6,7|4|8|2|1|3|6|5,3,4,3,4,3,1|3|2|4|5,15,4,4,1|2,4,5,5,5,4,4,4,4,5,6,5,5,5,6,5,6,6,5,6|11|7|3|4|5|9|10|2|8|1,2,2|1|3|4,4,4,3,3,3,4,5,5,4,Condition1_Eco
2024-06-21 15:42:36,2024-06-21 15:51:12,0,100,515,1,2024-06-21 15:51:12,R_3hnd6N34ulkfTFs,anonymous,EN,1,,0,0,,1,66,1,3,4,4,2,2,4,4,1,1,1,1,,1,4,1,3,2,5,5,5,2,3,1,4,2,2|3|5|1|4,5,4,5,5,5,6,7,6,6,5,5,5,5,2|6|3|4|5|8|1|7,3,3,2,1,3,3|4|1|2|5,0,4,5,1|2,4,3,3,4,4,5,5,7,6,4,5,6,6,5,3,7,6,6,7|4|10|6|3|1|8|11|5|2|9,4,1|3|4|2,2,3,4,4,5,4,6,2,6,Condition2_Env
2024-06-21 15:51:50,2024-06-21 15:55:05,0,100,195,1,2024-06-21 15:55:06,R_2wigQLE1nJ6LHAm,anonymous,EN,1,,0,0,,1,19,1,2,1,5,3,4,3,1,2,2,1,2,200,3,2,3,3,2,4,3,1,3,3,2,2,4,1|3|5|2|4,3,3,3,2,2,4,4,5,4,3,4,4,4,8|6|1|2|4|5|7|3,3,3,4,3,5,4|3|1|2|5,13,3,3,1|2,2,2,2,4,5,4,3,5,3,5,5,4,4,5,3,5,6,5,9|6|5|2|10|11|3|1|8|4|7,1,4|1|2|3,3,4,3,3,5,3,5,5,4,Condition2_Env
2024-06-21 15:44:16,2024-06-21 15:55:23,0,100,666,1,2024-06-21 15:55:23,R_3lxlzN8zdBB1I6I,anonymous,EN,1,,0,0,,1,41,1,2,3,1,2,3,1,3,1,1,1,1,,,5,3,3,4,4,4,5,3,3,3,2,4,5|3|1|4|2,3,1,3,3,3,5,5,7,5,5,5,6,4,8|3|7|5|6|2|4|1,3,1,,3,4,2|4|3|1|5,2,,3,1|2,6,6,6,,6,1,2,4,3,4,3,,4,4,4,4,6,3,6|10|9|11|5|2|1|7|8|3|4,,2|3|4|1,4,4,4,4,4,4,4,4,4,Condition3_Ctrl
2024-06-21 15:30:45,2024-06-21 15:58:06,0,100,1641,1,2024-06-21 15:58:07,R_5otm0RtbLvjersZ,anonymous,EN,0.800000011920929,,0,0,,1,35,1,4,3,1,5,5,4,4,2,1,1,1,100,3,4,3,3,4,5,5,5,4,1,3,4,1,3|1|2|4|5,5,5,4,4,2,6,7,5,6,6,5,5,5,4|5|2|3|6|7|1|8,3,2,3,1,3,4|3|2|1|5,2,5,5,2|1,4,3,4,5,5,2,4,6,5,5,4,5,7,6,4,4,5,7,9|6|11|1|8|4|2|7|10|5|3,4,1|4|2|3,4,5,4,5,4,4,7,6,6,Condition1_Eco
2024-06-21 15:52:01,2024-06-21 15:58:26,0,100,385,1,2024-06-21 15:58:27,R_1WX883fuEtQK5lT,anonymous,EN,0.800000011920929,,0,10,,1,34,1,5,7,1,5,5,5,5,2,2,3,3,6.5,4,5,5,5,5,5,5,1,5,5,5,5,5,1|3|4|2|5,5,5,,5,5,7,7,7,7,7,7,7,7,1|8|5|4|2|7|3|6,5,5,5,5,5,4|2|3|1|5,10,5,5,2|1,5,5,5,5,5,5,5,7,7,7,7,7,7,7,7,7,7,7,1|9|8|11|10|7|6|3|2|5|4,1,3|1|4|2,5,5,5,5,5,5,7,7,7,Condition1_Eco
2024-06-21 15:52:47,2024-06-21 15:59:07,0,100,379,1,2024-06-21 15:59:07,R_28UI6C2NpoRil0l,anonymous,EN,1,,0,0,,1,37,2,4,3,1,3,3,3,2,2,2,1,1,100,3,4,2,2,2,2,5,,2,5,5,2,3,4|5|1|3|2,4,5,4,4,2,7,5,5,4,2,6,5,2,6|8|5|3|4|2|7|1,1,1,1,1,1,1|4|3|2|5,0,4,4,1|2,6,6,2,6,4,2,6,3,5,3,5,4,6,5,1,5,5,5,10|2|1|4|6|5|9|3|11|8|7,4,3|2|4|1,1,3,4,4,2,5,3,5,2,Condition3_Ctrl
2024-06-21 16:00:51,2024-06-21 16:06:18,0,100,326,1,2024-06-21 16:06:18,R_2wLeiaGMUw61Wxm,anonymous,EN,1,,0,0,,1,29,1,2,1,1,1,1,5,3,1,1,1,1,,1,1,3,1,2,5,5,3,3,3,4,3,3,3|2|1|5|4,5,5,5,5,5,4,4,4,4,4,4,4,4,7|8|5|3|4|2|6|1,3,3,3,3,3,3|2|1|4|5,1,5,5,1|2,1,1,1,4,4,1,1,4,4,4,4,4,4,4,4,7,4,7,9|11|6|8|4|2|7|10|1|5|3,2,1|2|3|4,1,3,3,1,2,1,1,1,1,Condition2_Env
2024-06-21 16:26:00,2024-06-21 16:31:56,0,100,355,1,2024-06-21 16:31:56,R_1Q9OLHOEKkkUNfs,anonymous,EN,1,,0,0,,1,34,2,5,3,1,4,3,3,5,1,2,1,2,,2,4,4,3,5,2,,5,3,2,2,4,3,2|1|4|3|5,4,2,1,1,1,6,7,2,5,4,5,3,3,7|4|2|6|5|3|8|1,1,2,1,1,3,1|4|3|2|5,2,3,4,2|1,4,6,1,3,5,4,3,5,4,4,7,4,4,7,1,7,7,6,7|10|2|8|3|11|5|9|1|4|6,2,3|4|2|1,4,,5,5,4,3,5,1,4,Condition1_Eco
2024-06-21 16:30:06,2024-06-21 16:32:58,0,100,172,1,2024-06-21 16:32:58,R_122SSydzVW1yOzn,anonymous,EN,1,,0,0,,1,34,1,4,1,1,2,3,1,2,1,2,2,3,,2,2,1,4,5,5,3,2,3,4,2,4,3,5|4|2|3|1,5,5,3,4,5,5,5,7,4,2,7,5,6,4|1|3|7|5|2|6|8,5,4,3,4,4,3|2|1|4|5,,2,4,1|2,6,3,2,4,,6,3,3,5,6,4,4,3,4,6,5,4,5,10|2|5|3|1|4|11|9|8|7|6,2,1|2|4|3,4,4,3,5,3,4,4,5,7,Condition3_Ctrl
2024-06-21 17:42:55,2024-06-21 17:47:21,0,100,265,1,2024-06-21 17:47:21,R_RtczQneaF8oHGPD,anonymous,EN,0.800000011920929,,0,0,,1,36,1,4,5,1,4,5,3,2,1,2,1,2,,2,4,2,2,2,3,4,5,2,2,2,3,2,2|1|5|4|3,5,5,5,4,4,5,6,6,5,4,6,5,6,1|7|8|2|5|4|3|6,4,4,3,1,4,1|3|4|2|5,0,5,5,1|2,4,2,4,4,2,4,5,7,3,4,7,5,7,7,7,7,7,7,9|10|1|4|8|5|2|6|7|3|11,1,1|3|4|2,4,3,3,5,5,5,3,3,3,Condition1_Eco
2024-06-21 17:50:44,2024-06-21 17:50:58,0,100,14,1,2024-06-21 17:50:59,R_3ELwFQTXUh9fgV0,anonymous,EN,1,,0,0,,2,,,,,,,,,,,,,,,,,,,,,,,,,,,,,,,,,,,,,,,,,,,,,,,,,,,,,,,,,,,,,,,,,,,,,,,,,,,,,,,,,,,
2024-06-21 17:48:35,2024-06-21 17:52:52,0,100,257,1,2024-06-21 17:52:53,R_214jO75qqTJLimI,anonymous,EN,1,,0,20,,1,44,1,4,7,1,5,5,5,5,2,1,3,2,200,4,4,4,4,4,4,4,1,4,4,4,4,4,4|3|1|5|2,4,4,4,4,4,6,6,6,6,6,6,6,6,7|4|5|6|8|3|2|1,4,4,4,4,4,4|2|1|3|5,,4,4,1|2,4,4,4,3,3,3,3,7,7,7,7,7,7,7,7,7,7,7,10|3|5|1|2|8|11|7|4|6|9,3,3|1|4|2,5,5,5,5,5,5,7,7,7,Condition2_Env
2024-06-21 17:47:18,2024-06-21 18:00:02,0,100,764,1,2024-06-21 18:00:02,R_1mXeZVxu2o50kQx,anonymous,EN,1,,0,0,,1,46,1,2,4,7,3,3,2,2,1,1,1,1,,4,4,4,3,4,3,3,5,3,2,2,3,2,2|4|1|5|3,4,4,4,1,1,6,6,7,5,6,5,5,6,1|6|7|3|8|4|5|2,2,3,3,2,2,2|1|4|3|5,0,4,4,2|1,3,3,2,4,6,3,6,7,4,5,6,6,5,6,7,6,7,7,1|6|2|11|4|9|3|7|10|8|5,4,1|3|2|4,5,4,3,4,3,3,2,3,3,Condition2_Env
2024-06-21 17:55:25,2024-06-21 18:02:11,0,100,405,1,2024-06-21 18:02:11,R_2ablw4KEFaawVDJ,anonymous,EN,1,,0,0,,1,57,1,4,2,1,2,2,2,1,1,1,1,1,,2,2,2,3,1,3,3,5,4,1,1,5,1,1|4|2|3|5,4,4,4,4,4,6,6,6,6,6,6,6,6,7|6|4|5|1|2|8|3,1,2,2,2,1,4|2|3|1|5,1,4,4,2|1,6,6,6,6,6,6,6,6,4,6,4,6,6,6,4,6,6,4,4|9|10|8|11|2|3|1|5|6|7,2,3|4|2|1,2,3,4,3,2,2,2,2,2,Condition1_Eco
2024-06-21 17:56:21,2024-06-21 18:03:20,0,100,419,1,2024-06-21 18:03:20,R_1CrUM98xWMu7djN,anonymous,EN,1,,0,0,,1,45,2,4,3,2,4,4,3,3,1,1,1,1,,2,4,3,3,4,3,4,5,2,2,2,3,1,1|4|3|2|5,4,3,3,2,2,6,6,5,4,5,4,4,4,7|2|1|6|4|3|8|5,1,2,2,1,1,2|3|4|1|5,0,3,3,2|1,4,4,6,6,6,4,4,7,7,5,7,7,7,7,7,7,7,7,7|3|10|5|8|1|11|2|6|4|9,1,4|3|2|1,3,3,3,4,4,4,7,7,7,Condition3_Ctrl
2024-06-21 17:46:48,2024-06-21 18:03:24,0,100,996,1,2024-06-21 18:03:25,R_3MaLGav6cflKYLI,anonymous,EN,0.5,,0,75,,1,43,1,4,3,1,4,3,4,3,1,2,1,1,,3,3,2,3,4,3,5,5,1,3,4,2,2,4|3|1|5|2,4,3,3,2,1,5,6,7,4,3,4,4,3,5|7|3|1|8|2|4|6,1,1,1,1,1,2|3|4|1|5,0,3,5,1|2,6,6,6,6,6,6,6,2,1,4,4,4,5,4,5,4,4,4,7|1|6|10|9|8|3|2|5|11|4,4,2|1|3|4,3,3,3,4,3,4,6,6,5,Condition3_Ctrl
2024-06-21 18:01:18,2024-06-21 18:06:33,0,100,315,1,2024-06-21 18:06:34,R_28YwGuRL0c33TiK,anonymous,EN,1,,0,0,,1,22,2,2,4,5,2,2,2,2,1,2,1,1,,2,4,2,3,3,4,5,5,4,1,2,5,1,2|3|1|4|5,5,5,5,5,5,5,5,5,5,7,2,5,5,5|6|1|7|3|4|8|2,1,2,1,1,1,2|3|1|4|5,0,4,4,2|1,4,4,4,4,4,4,4,7,7,7,7,4,7,7,7,7,7,7,11|1|3|5|4|10|6|2|7|9|8,4,1|2|4|3,1,1,1,4,2,4,1,2,2,Condition2_Env
2024-06-21 18:04:26,2024-06-21 18:10:11,0,100,344,1,2024-06-21 18:10:11,R_2dQFgKElxNly95X,anonymous,EN,1,true,90,0,2024-06-21 14:00:57,1,29,1,4,1,1,2,2,3,3,1,1,1,1,,1,3,3,3,3,3,3,3,3,3,3,3,3,5|4|1|3|2,3,3,3,3,3,4,4,4,4,4,4,4,4,3|4|1|7|8|6|5|2,3,3,3,3,3,4|3|2|1|5,0,3,3,1|2,3,3,3,3,3,3,3,4,4,4,4,4,4,4,4,4,4,4,11|3|7|4|1|9|8|10|5|2|6,2,3|4|2|1,3,3,3,3,3,3,4,4,4,Condition1_Eco
2024-06-21 18:11:37,2024-06-21 18:16:11,0,100,273,1,2024-06-21 18:16:12,R_UrLNC8Bc2wQJR1D,anonymous,EN,1,,0,0,,1,43,2,4,4,1,2,3,3,3,1,2,1,1,,4,4,4,3,3,4,4,5,3,2,3,4,2,2|5|1|3|4,3,4,3,4,3,5,5,5,4,4,4,4,5,4|1|8|5|7|3|2|6,2,2,3,1,2,3|2|1|4|5,20,4,3,2|1,4,4,1,3,3,4,4,7,5,4,5,6,6,6,6,6,7,6,5|6|10|7|1|2|8|11|3|9|4,2,2|4|1|3,2,3,3,3,4,4,5,4,5,Condition3_Ctrl
2024-06-21 18:14:21,2024-06-21 18:19:32,0,100,310,1,2024-06-21 18:19:32,R_1FtQe4QzJC4z0BS,anonymous,EN,1,,0,0,,1,54,1,1,1,1,1,1,1,3,2,2,3,3,120,1,5,5,5,5,5,5,5,5,5,5,5,5,3|2|5|1|4,5,5,5,5,5,7,7,7,7,7,7,7,7,6|4|1|5|7|3|2|8,5,5,5,5,5,2|4|1|3|5,20,5,5,1|2,5,5,5,5,5,5,5,7,7,7,7,7,7,7,7,7,7,7,5|10|11|2|8|9|4|3|6|7|1,2,4|2|3|1,3,3,3,3,3,3,7,7,7,Condition2_Env
2024-06-21 18:18:21,2024-06-21 18:25:48,0,100,446,1,2024-06-21 18:25:49,R_2qaWxtlucWG8xTB,anonymous,EN,1,,0,0,,1,55,1,3,5,4,2,1,3,2,1,2,1,1,,2,4,2,2,3,2,4,5,2,3,3,4,1,1|4|2|5|3,4,4,4,4,4,5,5,5,6,4,5,5,4,1|7|6|2|4|8|5|3,1,2,1,1,2,2|4|1|3|5,0,4,5,1|2,5,4,4,3,2,1,3,5,5,5,4,5,5,6,4,4,5,5,10|2|1|6|8|4|9|3|11|7|5,2,4|2|3|1,4,2,3,4,3,3,3,4,3,Condition1_Eco
2024-06-21 18:25:28,2024-06-21 18:29:46,0,100,258,1,2024-06-21 18:29:47,R_Dq5QGntYEORY0Xn,anonymous,EN,1,,0,0,,1,31,2,2,5,2,1,4,1,1,2,2,1,1,35,1,5,5,4,5,1,3,5,3,1,2,5,2,2|5|3|4|1,1,1,1,1,1,7,2,5,3,6,5,2,4,4|2|5|3|8|6|1|7,1,1,1,4,1,2|3|1|4|5,0,1,3,2|1,4,4,3,6,6,1,6,5,3,5,4,3,7,4,4,4,7,5,10|6|8|3|2|4|1|5|11|7|9,1,3|1|4|2,1,3,3,3,2,4,1,4,5,Condition3_Ctrl
2024-06-21 18:29:56,2024-06-21 18:33:21,0,100,205,1,2024-06-21 18:33:21,R_2CCWFx473Tb3PLT,anonymous,EN,1,true,90,0,2024-06-21 16:11:44,1,43,2,3,4,2,3,4,2,4,1,2,1,1,,4,4,4,3,3,4,4,5,4,2,3,3,4,2|4|5|3|1,3,4,3,4,3,6,6,5,4,5,5,5,5,4|8|7|3|1|6|5|2,3,2,3,2,3,3|1|2|4|5,20,3,4,1|2,4,4,2,3,3,4,4,5,5,6,5,6,5,6,5,6,6,5,8|6|7|3|9|10|1|5|11|2|4,2,4|2|3|1,3,2,3,4,4,4,6,5,5,Condition1_Eco
2024-06-21 18:34:53,2024-06-21 18:38:19,0,100,205,1,2024-06-21 18:38:19,R_0xLTOfXlXRFM6Z3,anonymous,EN,1,,0,25,,1,49,2,8,4,2,3,3,3,3,1,1,1,2,,3,3,2,3,3,3,3,4,3,3,3,3,3,1|2|3|4|5,3,3,3,3,3,4,4,4,4,4,4,4,4,7|4|8|3|6|2|1|5,3,3,3,3,3,2|4|3|1|5,20,3,3,1|2,3,3,3,3,3,3,3,4,4,4,4,4,4,4,4,4,4,4,6|11|9|3|8|10|5|7|1|2|4,3,4|3|2|1,3,3,3,3,3,3,4,4,4,Condition3_Ctrl
2024-06-21 18:27:57,2024-06-21 18:40:19,0,100,742,1,2024-06-21 18:40:20,R_3JK9aFpKBVAgY1t,anonymous,EN,1,,0,0,,1,46,2,2,4,6,1,1,2,3,1,2,1,1,,3,4,4,5,5,4,5,5,1,1,3,5,1,1|4|2|5|3,2,1,1,1,1,4,6,4,6,6,4,4,2,2|6|7|5|3|1|4|8,1,1,1,4,4,1|2|3|4|5,0,1,1,2|1,5,5,1,1,3,1,3,7,4,5,7,4,7,7,4,7,7,6,4|3|8|2|5|9|10|1|11|7|6,2,1|2|3|4,3,3,3,4,3,4,1,4,4,Condition2_Env
2024-06-21 17:57:53,2024-06-21 18:49:05,0,100,3071,1,2024-06-21 18:49:05,R_73sbUjoQddXzJf3,anonymous,EN,1,,0,0,,1,20,1,5,3,1,3,3,2,4,1,2,1,2,,3,1,3,2,1,4,5,5,1,2,2,4,4,5|1|3|2|4,3,3,2,4,2,7,7,5,6,7,6,6,5,8|1|7|3|6|2|5|4,2,2,2,2,2,3|2|1|4|5,10,3,3,1|2,4,4,3,4,4,4,4,5,6,6,6,4,7,4,5,6,5,5,10|8|7|5|2|6|4|9|1|11|3,2,1|3|4|2,3,4,4,4,3,5,6,4,4,Condition2_Env
2024-06-21 18:49:29,2024-06-21 18:59:44,0,100,615,1,2024-06-21 18:59:44,R_1cUrSqGhxgQA11G,anonymous,EN,1,,0,0,,1,66,2,2,4,7,4,4,1,3,1,2,1,1,,1,5,3,3,5,2,3,5,2,1,3,5,3,1|2|4|3|5,1,1,1,1,1,7,5,7,5,7,5,5,5,8|2|3|6|5|7|1|4,1,1,1,4,1,4|3|2|1|5,,1,1,2|1,3,3,2,3,4,1,4,7,7,7,7,7,7,7,7,7,7,7,4|3|11|7|10|9|5|8|2|1|6,1,1|4|2|3,3,3,4,3,2,3,5,5,5,Condition3_Ctrl
2024-06-21 19:01:43,2024-06-21 19:01:55,0,100,12,1,2024-06-21 19:01:56,R_1Gwy0WYhK5xUl4v,anonymous,EN,1,,0,0,,2,,,,,,,,,,,,,,,,,,,,,,,,,,,,,,,,,,,,,,,,,,,,,,,,,,,,,,,,,,,,,,,,,,,,,,,,,,,,,,,,,,,
2024-06-21 18:55:00,2024-06-21 19:02:57,0,100,476,1,2024-06-21 19:02:57,R_9p4oxxlQVj0IG9X,anonymous,EN,1,,0,0,,1,63,2,2,5,1,4,4,3,4,1,2,1,1,,1,5,5,5,5,1,3,5,1,4,4,2,4,1|3|2|4|5,1,1,1,1,1,6,4,7,6,7,4,4,6,3|2|4|7|5|1|8|6,1,1,1,3,1,1|3|4|2|5,0,1,1,2|1,5,5,5,4,4,2,2,1,1,1,1,2,2,2,2,2,2,2,11|9|8|7|5|6|1|2|3|10|4,2,3|1|4|2,2,4,3,5,5,5,6,2,6,Condition1_Eco
2024-06-21 19:01:29,2024-06-21 19:04:55,0,100,206,1,2024-06-21 19:04:56,R_3GwExCm8gbywGX6,anonymous,EN,1,true,98,25,2024-06-21 16:34:59,1,49,2,8,4,2,3,3,3,3,1,1,1,2,,3,3,3,3,3,3,3,1,3,3,3,3,3,2|3|1|4|5,3,3,3,3,3,4,4,4,4,4,4,4,4,8|4|6|1|3|7|2|5,3,3,3,3,3,1|4|3|2|5,20,3,3,2|1,3,3,3,3,3,3,3,4,4,4,4,4,4,4,4,4,4,4,5|9|4|1|8|6|11|3|10|7|2,3,3|4|1|2,3,3,3,3,3,,4,4,4,Condition3_Ctrl
2024-06-21 19:03:23,2024-06-21 19:06:50,0,100,206,1,2024-06-21 19:06:50,R_3PL7QLc9xdULsRV,anonymous,EN,1,true,90,0,2024-06-21 16:08:20,1,30,1,4,1,1,3,4,4,4,1,1,2,1,,1,,4,4,5,5,5,5,4,4,3,4,4,4|3|1|5|2,4,4,3,4,4,6,6,6,6,5,6,6,5,3|2|5|6|7|4|8|1,4,4,4,3,4,2|1|3|4|5,10,4,3,1|2,5,5,4,4,4,5,4,6,6,6,6,7,6,7,6,6,7,6,3|2|8|11|9|5|10|4|7|6|1,2,1|4|3|2,4,4,3,4,4,3,7,5,5,Condition2_Env
2024-06-21 19:03:38,2024-06-21 19:09:25,0,100,347,1,2024-06-21 19:09:26,R_33lmcnAVhBeRANr,anonymous,EN,1,,0,0,,1,44,2,4,4,1,4,4,3,3,1,2,1,1,,2,3,2,2,3,3,5,5,4,4,4,4,3,4|3|2|1|5,4,4,2,3,3,7,5,6,5,6,4,5,5,3|1|6|7|4|2|8|5,1,1,1,1,1,3|1|4|2|5,0,4,5,1|2,3,4,4,4,4,3,5,5,5,4,5,5,5,5,5,5,5,5,3|7|10|9|6|11|8|2|4|1|5,4,2|4|3|1,1,2,3,4,4,4,7,6,6,Condition3_Ctrl
2024-06-21 18:58:26,2024-06-21 19:10:02,0,100,695,1,2024-06-21 19:10:02,R_wXD4LmaEgGV6wox,anonymous,EN,1,,0,0,,1,30,2,3,3,1,1,2,2,1,1,2,1,1,,3,5,5,5,5,3,3,5,3,3,4,3,4,4|2|5|3|1,1,1,1,1,1,7,1,7,6,7,7,5,1,8|2|6|4|3|5|1|7,1,1,1,2,1,3|4|1|2|5,0,1,1,2|1,5,5,5,2,1,1,4,4,3,3,7,5,7,7,7,7,5,7,11|1|4|8|2|10|7|6|3|9|5,3,3|4|2|1,5,4,3,2,3,5,1,3,2,Condition2_Env
2024-06-21 19:03:38,2024-06-21 19:13:25,0,100,587,1,2024-06-21 19:13:26,R_1erPhduIit7nRu8,anonymous,EN,1,,0,0,,1,46,1,3,4,3,3,2,2,2,2,2,1,1,10,2,4,3,3,2,2,2,5,4,2,3,4,1,1|5|4|2|3,3,2,1,1,1,6,5,6,5,5,4,4,5,6|7|5|8|2|1|4|3,1,1,1,4,3,3|4|1|2|5,0,2,4,1|2,5,5,4,3,3,4,3,7,7,6,6,7,7,6,7,6,6,7,8|11|4|1|3|9|10|2|6|7|5,1,1|3|2|4,4,4,3,2,2,2,4,3,3,Condition1_Eco
2024-06-21 19:16:15,2024-06-21 19:19:06,0,100,171,1,2024-06-21 19:19:07,R_3iDajcLY3wONDkt,anonymous,EN,1,,0,0,,1,43,1,7,7,1,3,4,4,4,2,1,2,2,50,2,3,4,3,4,5,3,5,4,4,4,4,4,5|1|4|2|3,4,4,3,4,4,6,6,6,7,6,7,6,5,8|1|3|4|2|5|7|6,5,4,4,2,4,2|3|1|4|5,,3,4,2|1,5,3,5,5,5,4,4,6,4,4,4,3,7,6,7,6,2,4,2|5|10|7|1|11|8|9|4|6|3,3,2|4|3|1,4,4,3,4,4,4,4,6,7,Condition3_Ctrl
2024-06-21 19:26:49,2024-06-21 19:29:26,0,100,156,1,2024-06-21 19:29:26,R_12R3o9J0iWkLw5Y,anonymous,EN,1,true,90,0,2024-06-21 17:16:19,1,43,1,4,7,1,3,3,4,3,1,2,2,2,,4,4,3,4,4,3,4,5,4,4,4,4,3,5|4|1|2|3,4,4,4,3,4,6,6,6,5,4,5,5,6,5|7|3|8|1|6|2|4,3,4,4,3,4,2|3|4|1|5,15,3,4,1|2,4,4,3,4,4,4,5,7,5,4,4,4,6,4,4,4,4,6,3|9|5|1|4|11|10|7|2|6|8,2,1|2|3|4,4,4,4,4,4,4,4,6,5,Condition2_Env
2024-06-21 19:02:19,2024-06-21 19:32:49,0,100,1830,1,2024-06-21 19:32:50,R_3LYe4zOom5lvWkq,anonymous,EN,1,,0,0,,1,40,2,2,4,2,5,5,3,3,1,2,1,1,,3,4,3,3,4,3,4,,2,2,2,5,2,3|4|1|5|2,3,4,2,2,1,6,5,6,4,7,6,6,4,4|2|8|3|1|6|5|7,2,2,2,1,2,2|1|4|3|5,20,4,3,2|1,3,3,2,3,3,2,3,7,6,5,7,6,7,7,7,7,7,7,3|4|5|1|2|9|6|7|10|11|8,1,2|4|3|1,3,4,4,4,4,5,7,7,7,Condition1_Eco
2024-06-21 19:40:07,2024-06-21 19:46:23,0,100,375,1,2024-06-21 19:46:23,R_Q5kCdH62YpFjRZv,anonymous,EN,1,,0,0,,1,60,2,5,2,1,3,3,1,1,1,2,1,1,,3,5,5,4,5,1,3,5,3,1,1,5,1,4|3|1|2|5,1,1,1,1,1,7,3,7,2,7,4,4,7,5|8|3|6|1|4|2|7,1,1,1,4,1,2|3|4|1|5,0,1,1,2|1,5,5,3,4,4,2,5,7,7,7,7,7,7,7,7,7,7,7,6|8|7|11|5|2|1|10|4|3|9,2,2|1|3|4,3,2,1,4,3,3,4,2,5,Condition1_Eco
2024-06-21 20:02:20,2024-06-21 20:06:03,0,100,222,1,2024-06-21 20:06:04,R_3n7q2LKw1iVq2lQ,anonymous,EN,1,,0,,,1,42,1,1,1,1,1,1,1,1,1,2,1,2,,3,3,3,3,3,3,3,,3,3,3,3,3,5|2|1|4|3,3,3,3,3,3,4,4,4,4,4,4,4,4,7|4|8|6|5|3|2|1,3,3,3,3,3,2|4|1|3|5,5,3,3,2|1,6,6,6,6,6,6,6,4,4,4,4,4,4,4,4,4,4,4,1|6|4|8|3|7|2|10|9|5|11,4,4|2|3|1,3,3,3,3,3,3,4,4,4,Condition3_Ctrl
2024-06-21 20:12:50,2024-06-21 20:13:08,0,100,18,1,2024-06-21 20:13:09,R_3lLDoMaP272ldW9,anonymous,EN,1,,0,,,2,,,,,,,,,,,,,,,,,,,,,,,,,,,,,,,,,,,,,,,,,,,,,,,,,,,,,,,,,,,,,,,,,,,,,,,,,,,,,,,,,,,
2024-06-21 18:08:41,2024-06-21 20:15:16,0,100,7594,1,2024-06-21 20:15:17,R_3EhOqXhGLe13BgB,anonymous,EN,1,,0,0,,1,25,2,1,4,6,1,1,3,3,1,2,1,1,,3,3,3,3,3,3,3,5,3,3,3,3,3,5|4|2|3|1,3,3,3,3,3,4,4,4,4,4,4,4,4,1|4|8|6|2|3|5|7,3,3,3,3,3,2|4|3|1|5,0,,3,2|1,6,6,6,6,6,6,6,4,4,4,4,4,4,4,4,4,4,4,5|3|10|7|6|2|8|11|9|4|1,4,1|2|3|4,3,3,,3,3,3,4,4,4,Condition2_Env
2024-06-21 20:19:10,2024-06-21 20:24:18,0,100,307,1,2024-06-21 20:24:18,R_2dHckDfE1VBHNtV,anonymous,EN,0.6000000238418579,,0,,,1,45,2,3,5,2,4,4,3,2,2,1,1,2,15,3,1,1,2,4,4,4,5,4,4,4,4,4,4|1|3|5|2,4,5,4,4,4,5,5,5,6,5,5,4,5,5|7|3|6|4|1|2|8,1,1,1,2,1,4|3|1|2|5,0,5,5,2|1,3,4,2,2,4,5,3,6,6,6,5,6,5,6,6,6,5,6,7|6|10|5|8|9|1|3|2|11|4,1,4|2|3|1,4,3,4,4,2,4,2,3,6,Condition2_Env
2024-06-21 20:23:35,2024-06-21 20:28:39,0,100,303,1,2024-06-21 20:28:39,R_3Pvttwhch438ZLc,anonymous,EN,1,,0,,,1,24,2,2,4,2,2,2,2,2,1,1,1,1,,3,5,3,3,3,3,5,,2,4,2,4,2,3|1|5|2|4,3,4,3,2,1,5,5,5,5,5,5,5,5,4|7|1|3|2|6|5|8,2,2,2,2,2,1|3|4|2|5,0,3,4,1|2,4,3,2,2,4,3,3,6,6,6,6,6,6,7,5,6,7,6,2|10|3|7|8|5|11|1|9|4|6,1,1|4|3|2,3,4,3,3,3,3,5,3,5,Condition3_Ctrl
2024-06-21 20:34:34,2024-06-21 20:41:58,0,100,444,1,2024-06-21 20:41:58,R_3kBNappfCNHj4ME,anonymous,EN,1,,0,,,1,38,1,4,4,1,4,4,4,4,1,2,1,2,,4,2,2,2,1,5,5,5,2,2,4,4,2,2|5|4|1|3,5,5,5,5,5,6,6,6,7,6,6,6,7,4|7|5|8|1|3|2|6,3,4,4,1,4,3|1|4|2|5,10,4,5,1|2,4,4,4,2,1,2,4,7,5,4,6,6,6,6,5,6,6,5,9|1|7|10|6|4|8|5|3|2|11,1,2|3|4|1,5,4,4,4,4,5,6,6,6,Condition1_Eco
2024-06-21 20:40:35,2024-06-21 20:47:39,0,100,423,1,2024-06-21 20:47:40,R_2z7OS5qMkKFxIXU,anonymous,EN,1,,0,,,1,38,2,2,4,1,3,3,3,3,1,1,1,1,,3,4,3,2,2,3,3,5,3,4,4,2,4,3|5|4|2|1,4,4,4,4,2,4,4,5,5,5,4,4,5,4|3|5|1|2|6|8|7,1,2,2,1,1,2|3|4|1|5,0,3,3,1|2,6,6,6,6,6,6,6,5,4,3,4,3,5,5,4,5,4,5,6|11|2|3|10|4|1|7|9|8|5,1,2|3|1|4,3,3,3,3,3,4,5,4,4,Condition3_Ctrl
2024-06-21 20:50:59,2024-06-21 20:51:16,0,100,16,1,2024-06-21 20:51:17,R_3spHrNTdbDPZE4R,anonymous,EN,1,,0,,,2,,,,,,,,,,,,,,,,,,,,,,,,,,,,,,,,,,,,,,,,,,,,,,,,,,,,,,,,,,,,,,,,,,,,,,,,,,,,,,,,,,,
2024-06-21 20:55:19,2024-06-21 21:03:50,0,100,511,1,2024-06-21 21:03:51,R_3hrKLxOGddcIhgV,anonymous,EN,1,,0,,,1,56,2,3,4,1,3,3,1,1,1,2,1,1,,2,5,5,5,3,2,2,5,2,2,2,3,2,1|2|3|4|5,2,2,1,1,1,7,6,7,7,7,6,6,7,1|3|5|8|6|2|7|4,1,2,1,3,1,2|1|3|4|5,0,2,4,2|1,3,4,3,3,4,1,2,7,6,7,7,7,4,7,7,7,7,7,6|4|9|3|11|7|8|5|1|2|10,1,2|4|1|3,3,4,4,4,5,5,2,2,2,Condition2_Env
2024-06-21 21:03:11,2024-06-21 21:11:18,0,100,487,1,2024-06-21 21:11:18,R_00YfkOCDNF6pHYB,anonymous,EN,1,,0,,,1,35,2,2,1,1,4,4,3,3,1,2,1,1,,1,4,3,3,3,3,3,5,3,2,3,3,2,2|5|4|1|3,3,3,3,3,3,4,4,5,4,4,4,4,4,5|7|1|3|4|8|6|2,1,2,1,1,1,2|4|1|3|5,0,3,3,2|1,3,4,2,3,3,2,3,7,1,4,7,4,7,7,7,7,7,7,8|4|11|1|7|2|3|5|10|9|6,4,3|1|4|2,4,4,3,3,3,4,7,7,7,Condition1_Eco
2024-06-21 21:20:56,2024-06-21 21:28:26,0,100,450,1,2024-06-21 21:28:26,R_3htBHJrTPCa3vIg,anonymous,EN,1,,0,,,1,37,2,4,5,1,3,3,3,4,1,2,1,1,,1,3,2,3,2,3,3,5,2,4,4,3,1,1|4|2|5|3,4,4,4,4,3,5,5,6,6,6,5,5,6,3|2|7|4|6|5|8|1,1,1,1,1,1,3|4|2|1|5,0,4,4,1|2,6,6,6,6,6,6,6,4,2,1,3,2,4,5,3,5,4,5,5|8|10|11|9|2|7|3|4|6|1,4,1|3|4|2,4,3,1,2,2,3,4,4,5,Condition3_Ctrl
2024-06-21 21:42:01,2024-06-21 21:50:34,0,100,512,1,2024-06-21 21:50:34,R_1FrjYrqOVUJnPFW,anonymous,EN,1,,0,,,1,52,1,9,4,7,1,1,1,1,2,1,1,3,0,3,5,3,3,4,3,3,5,1,5,4,1,5,4|2|5|1|3,2,2,2,2,2,5,1,6,4,7,5,5,4,7|6|1|3|2|8|5|4,3,2,3,3,3,2|4|1|3|5,0,3,5,2|1,6,6,6,6,6,6,6,7,4,4,7,4,7,7,7,7,7,7,7|11|3|10|4|2|9|8|6|5|1,1,2|4|3|1,3,1,3,2,2,3,2,4,4,Condition2_Env
2024-06-21 21:49:05,2024-06-21 21:54:06,0,100,300,1,2024-06-21 21:54:07,R_cZQTTLGtgoMOPAt,anonymous,EN,1,,0,,,1,36,1,5,1,1,4,1,3,4,2,2,3,3,36,1,2,4,4,4,4,4,3,2,1,1,1,2,3|2|4|1|5,2,2,2,2,4,6,5,3,3,6,2,6,5,3|8|7|2|6|1|4|5,1,4,4,1,4,4|2|3|1|5,20,,2,2|1,3,4,4,4,1,5,1,1,1,1,4,4,1,1,1,4,4,1,9|5|7|4|2|6|1|10|3|11|8,4,4|1|3|2,1,4,3,4,4,2,7,7,1,Condition2_Env
2024-06-21 21:53:35,2024-06-21 22:02:40,0,100,545,1,2024-06-21 22:02:40,R_24GyxsSdQEryI9c,anonymous,EN,1,,0,,,1,33,,2,4,7,1,2,3,3,1,1,1,1,,1,2,3,3,2,3,3,5,3,3,2,2,4,3|2|5|4|1,3,3,3,2,2,4,3,4,5,7,5,4,4,6|5|3|2|1|7|8|4,4,3,3,2,3,1|2|3|4|5,1,3,3,1|2,3,3,2,2,3,3,3,6,4,2,4,4,7,7,6,6,7,6,4|9|7|10|11|1|8|2|5|3|6,3,2|3|4|1,4,4,3,4,4,5,4,4,4,Condition1_Eco
2024-06-21 22:00:26,2024-06-21 22:04:31,0,100,245,1,2024-06-21 22:04:32,R_Oa2TtBB8Ut6JkRj,anonymous,EN,1,,0,75,,1,36,2,7,3,1,4,4,4,4,2,1,2,3,1,5,3,2,1,3,2,4,4,3,4,5,4,4,3|4|2|1|5,5,4,5,4,5,6,6,7,7,7,5,6,6,4|8|5|7|1|3|6|2,4,5,4,5,4,1|2|3|4|5,12,5,4,2|1,4,3,2,3,3,2,1,6,6,5,6,5,7,5,6,7,6,7,9|7|8|6|4|5|10|11|1|3|2,2,4|3|2|1,4,5,4,4,5,4,7,6,5,Condition3_Ctrl
2024-06-21 22:14:42,2024-06-21 22:22:38,0,100,475,1,2024-06-21 22:22:38,R_2pVRu1siuNH7VgQ,anonymous,EN,1,,0,,,1,54,1,8,4,1,2,2,1,1,1,2,1,1,,2,5,5,5,4,3,2,5,3,4,4,4,4,4|2|5|1|3,2,2,1,1,1,7,4,7,5,6,3,3,6,6|7|1|2|8|5|3|4,1,2,1,4,1,2|4|3|1|5,0,1,1,2|1,5,5,3,2,4,2,2,7,7,6,7,6,7,7,7,7,7,6,5|6|11|8|7|2|4|1|3|10|9,2,1|4|3|2,4,4,3,4,3,4,6,5,5,Condition2_Env
2024-06-21 22:34:42,2024-06-21 22:41:18,0,100,396,1,2024-06-21 22:41:19,R_2EglhUY7tzECS9H,anonymous,EN,1,,0,,,1,33,1,2,4,1,2,1,3,3,2,2,1,1,30,4,4,4,2,3,3,4,5,4,2,2,4,4,3|2|4|5|1,4,4,3,2,2,5,5,4,5,5,3,5,5,5|1|2|8|7|3|6|4,3,3,3,2,3,3|2|4|1|5,0,4,4,2|1,4,4,3,3,4,3,4,5,5,4,6,5,5,5,6,6,6,6,2|7|6|11|9|8|1|4|5|10|3,3,4|3|1|2,4,4,2,4,4,4,6,3,5,Condition1_Eco
2024-06-21 22:39:29,2024-06-21 22:41:46,0,100,136,1,2024-06-21 22:41:46,R_30iR49lFgZgFbUh,anonymous,EN,1,,0,,,1,24,1,6,4,4,2,3,2,4,1,2,2,3,,2,2,3,4,1,4,1,1,4,3,5,1,3,1|2|4|5|3,3,1,2,3,4,2,4,1,7,3,5,3,2,3|5|1|7|6|4|8|2,2,3,2,1,5,3|2|1|4|5,20,1,3,2|1,4,1,2,3,3,2,6,1,1,4,1,7,7,7,7,7,4,4,2|9|10|11|1|7|6|4|3|5|8,2,1|3|2|4,2,3,2,4,2,2,4,1,1,Condition3_Ctrl
2024-06-21 22:53:41,2024-06-21 23:00:17,0,100,396,1,2024-06-21 23:00:18,R_26flNYR2vw4I1Nc,anonymous,EN,1,true,90,,2024-06-21 20:35:00,1,33,1,8,4,1,2,1,3,3,2,2,1,2,30,4,4,4,2,4,4,4,5,4,4,4,4,2,5|1|3|2|4,4,3,4,3,2,5,5,5,5,4,5,5,5,2|4|5|8|7|1|3|6,3,2,2,2,3,4|2|1|3|5,0,4,4,1|2,4,3,3,3,4,2,4,7,5,2,5,6,5,7,5,6,7,6,10|3|11|2|4|6|7|1|5|9|8,2,2|1|3|4,4,4,3,4,4,4,6,3,5,Condition2_Env
2024-06-21 22:46:29,2024-06-21 23:03:24,0,100,1014,1,2024-06-21 23:03:25,R_10MJXdUkBts7c1h,anonymous,EN,1,,0,,,1,60,1,3,4,1,2,1,4,4,1,2,2,1,,3,3,1,1,2,3,5,5,4,2,1,4,2,3|2|5|1|4,5,5,4,4,3,7,1,5,7,4,4,4,5,2|5|4|1|7|8|3|6,4,5,2,5,5,1|2|3|4|5,20,5,5,2|1,4,3,2,5,3,1,5,7,7,7,7,7,7,7,7,7,6,7,3|10|6|2|9|7|4|8|11|5|1,4,1|2|3|4,5,1,5,4,4,5,7,6,1,Condition3_Ctrl
2024-06-21 22:59:59,2024-06-21 23:16:58,0,100,1018,1,2024-06-21 23:16:58,R_1r0K9ZxJz0TlVHU,anonymous,EN,1,,0,,,1,56,1,3,5,1,2,4,3,3,2,2,1,1,20,3,3,5,4,3,3,3,5,3,3,3,2,5,5|4|1|3|2,3,3,3,3,3,4,4,4,4,4,4,4,4,5|7|1|6|4|8|2|3,1,1,1,1,1,1|2|4|3|5,0,3,3,1|2,5,5,3,3,5,1,3,6,4,4,4,4,7,6,6,7,7,7,11|10|9|6|3|7|2|4|1|5|8,2,3|1|4|2,3,1,3,3,4,4,7,7,7,Condition1_Eco
2024-06-21 23:16:54,2024-06-21 23:26:40,0,100,585,1,2024-06-21 23:26:41,R_1MX8F34bgoJmyvm,anonymous,EN,0.699999988079071,,0,,,1,38,2,1,4,6,3,3,3,3,1,2,1,1,,3,3,3,3,3,3,3,,3,4,3,3,4,1|5|2|4|3,3,3,3,3,3,4,4,4,4,4,4,4,4,7|8|6|5|2|1|4|3,3,3,3,3,3,3|2|4|1|5,3,3,3,2|1,6,6,,3,6,3,6,4,4,4,4,4,5,6,5,6,6,4,9|1|8|6|2|4|11|3|7|5|10,4,3|1|2|4,3,3,3,3,3,4,4,4,4,Condition3_Ctrl
2024-06-21 23:22:26,2024-06-21 23:44:52,0,100,1345,1,2024-06-21 23:44:53,R_3EKGo4jaOSRJphq,anonymous,EN,1,,0,,,1,23,2,1,2,7,2,3,3,3,1,2,1,1,,3,2,2,2,2,3,2,,4,1,2,5,1,3|1|2|4|5,4,4,4,4,4,6,6,5,5,6,5,6,6,3|6|2|7|8|1|5|4,3,3,3,2,3,4|1|2|3|5,20,3,4,1|2,3,3,4,6,4,2,3,2,5,7,4,6,6,6,4,5,4,3,1|11|7|2|6|9|3|4|10|5|8,1,1|2|3|4,3,3,3,2,2,3,3,4,5,Condition2_Env
2024-06-22 00:16:39,2024-06-22 00:23:00,0,100,380,1,2024-06-22 00:23:00,R_1eUAeqVMtuQaVfR,anonymous,EN,1,,0,,,1,63,1,8,5,4,1,1,4,1,1,2,1,1,,5,1,3,2,2,4,4,5,1,5,1,2,5,4|5|2|1|3,5,5,5,5,5,5,4,4,7,3,6,3,4,2|4|1|3|8|7|5|6,4,2,4,1,4,2|4|3|1|5,1,4,2,2|1,5,2,3,4,4,1,1,7,5,3,6,5,7,7,6,5,6,6,7|6|1|11|2|10|4|8|5|9|3,2,3|4|1|2,4,4,3,1,2,2,1,1,1,Condition3_Ctrl
2024-06-22 00:21:55,2024-06-22 00:27:45,0,100,349,1,2024-06-22 00:27:45,R_3PwbdhFZ0MGVJYj,anonymous,EN,1,,0,,,1,22,1,4,4,1,3,3,3,3,1,2,2,1,,4,4,2,2,2,3,4,5,2,2,2,2,4,4|5|1|2|3,4,3,2,2,2,6,4,5,4,6,4,4,5,3|6|4|1|5|8|7|2,2,3,3,2,3,4|3|2|1|5,10,3,4,1|2,4,3,2,3,3,2,3,5,4,4,5,4,5,5,4,5,5,5,4|2|6|9|10|1|5|3|8|7|11,1,3|4|2|1,4,3,3,4,4,4,5,4,5,Condition1_Eco
2024-06-22 01:08:21,2024-06-22 01:17:53,0,100,572,1,2024-06-22 01:17:54,R_12hUI4dANFtReRf,anonymous,EN,1,,0,,,1,56,2,4,3,3,3,3,3,3,1,1,1,1,,2,5,3,3,3,3,4,5,1,2,3,3,3,1|4|5|2|3,2,2,1,1,1,5,5,7,5,7,4,7,6,4|1|7|8|2|5|3|6,,,,,,2|4|1|3|5,1,3,3,2|1,3,3,3,3,4,3,3,7,7,6,7,5,6,7,7,7,7,6,6|7|11|3|1|4|9|8|10|5|2,1,2|1|3|4,2,,3,4,3,4,3,7,5,Condition2_Env
2024-06-22 01:42:55,2024-06-22 02:01:07,0,100,1091,1,2024-06-22 02:01:07,R_z0TKoSC1Z0sYWRP,anonymous,EN,0.8999999761581421,,0,5,,1,58,2,1,2,6,2,3,1,2,1,2,1,1,,1,5,5,5,5,1,5,5,5,5,1,5,5,1|3|4|5|2,1,1,1,1,1,7,1,7,7,7,4,4,4,5|1|6|2|8|4|3|7,1,1,1,3,3,3|2|1|4|5,0,1,5,1|2,2,4,1,3,1,1,1,7,7,7,7,7,7,7,7,7,7,7,3|5|2|8|7|11|9|10|1|4|6,2,3|4|1|2,3,3,3,4,1,5,1,4,4,Condition1_Eco
2024-06-22 03:41:19,2024-06-22 03:50:18,0,100,539,1,2024-06-22 03:50:19,R_2v62em50A1uF2rF,anonymous,EN,0.8999999761581421,,0,5,,1,53,2,2,4,1,3,3,3,3,1,2,1,1,,3,4,4,3,3,3,3,5,2,2,3,3,2,2|1|5|4|3,3,3,3,3,3,4,3,4,4,4,4,4,4,2|3|7|4|5|6|1|8,3,3,3,3,3,4|1|3|2|5,0,,3,1|2,6,6,6,6,6,6,6,4,4,4,4,4,4,4,4,4,4,4,11|10|1|6|9|5|4|3|7|2|8,1,4|3|2|1,4,2,4,4,4,4,5,5,6,Condition3_Ctrl
2024-06-22 04:41:53,2024-06-22 04:55:36,0,100,822,1,2024-06-22 04:55:36,R_2PbYPNop10gFSK1,anonymous,EN,1,,0,30,,1,36,2,4,1,1,5,4,4,4,2,2,2,3,1000,4,3,4,2,,1,1,,3,2,3,4,3,1|4|3|2|5,2,3,4,3,5,3,2,,3,2,5,2,1,8|5|3|2|4|1|7|6,3,3,2,2,2,4|1|3|2|5,10,3,2,2|1,2,1,3,2,3,4,3,,3,4,2,2,,3,2,2,1,3,10|5|8|1|6|11|3|2|9|7|4,2,2|3|4|1,1,2,3,1,2,3,2,3,2,Condition2_Env
2024-06-22 06:40:08,2024-06-22 06:51:48,0,100,700,1,2024-06-22 06:51:49,R_1dMGvFdsQ1QzrLr,anonymous,EN,1,,0,,,1,60,1,1,5,2,2,2,4,4,1,2,1,1,,3,4,4,3,3,1,5,5,2,4,4,2,3,4|5|3|1|2,4,4,5,5,5,4,3,5,5,3,4,4,3,3|1|4|2|5|8|6|7,1,1,1,1,1,2|1|3|4|5,0,4,4,2|1,4,4,2,2,1,1,3,5,4,3,7,4,5,4,5,6,6,5,4|9|5|1|7|10|6|8|11|2|3,4,4|1|2|3,4,3,2,2,1,1,2,2,3,Condition3_Ctrl
2024-06-22 07:24:41,2024-06-22 07:29:33,0,100,292,1,2024-06-22 07:29:34,R_3IWhNFk8JKUmZVx,anonymous,EN,1,,0,,,1,46,1,3,6,7,4,4,3,3,2,2,1,1,100,3,3,3,3,4,3,3,,1,2,3,3,2,5|2|1|4|3,3,3,3,3,3,3,4,4,4,4,4,4,4,3|2|4|1|5|6|8|7,3,3,3,3,3,2|3|1|4|5,10,3,3,2|1,3,3,3,6,6,6,6,4,4,4,4,4,4,4,4,4,4,4,7|5|10|4|1|9|2|8|11|3|6,2,1|4|2|3,3,4,2,3,4,3,4,5,4,Condition1_Eco
2024-06-22 07:33:11,2024-06-22 07:36:55,0,100,223,1,2024-06-22 07:36:55,R_eQeKxleSJ4MibKh,anonymous,EN,1,,0,,,1,32,2,2,4,1,2,3,2,1,1,1,1,1,,2,5,4,5,4,4,4,3,3,3,4,4,4,1|2|4|3|5,3,1,1,1,1,5,3,2,4,3,3,3,5,6|2|8|1|4|7|5|3,4,3,3,2,3,2|3|4|1|5,0,2,3,2|1,4,3,4,3,2,2,2,7,5,5,7,5,4,5,7,7,7,5,3|8|10|1|4|2|6|5|11|9|7,4,1|2|3|4,3,4,4,4,4,4,1,4,1,Condition2_Env
2024-06-22 07:29:35,2024-06-22 07:41:22,0,100,707,1,2024-06-22 07:41:22,R_1odscCjJgqWnelg,anonymous,EN,0.800000011920929,,0,,,1,53,2,4,3,4,4,4,4,3,1,1,1,1,,1,5,3,2,5,3,5,5,4,1,2,5,1,1|2|3|4|5,3,3,3,2,1,7,7,7,6,7,3,4,5,1|8|6|7|5|4|2|3,1,1,1,1,1,1|4|2|3|5,0,3,3,1|2,4,2,3,4,3,3,4,6,7,6,5,6,7,6,7,7,7,7,11|1|10|5|7|8|4|3|6|2|9,1,4|1|3|2,1,4,3,4,2,5,5,6,6,Condition2_Env
2024-06-22 07:47:05,2024-06-22 07:52:34,0,100,328,1,2024-06-22 07:52:34,R_2dmE8bFyugtM9IQ,anonymous,EN,1,,0,,,1,31,2,2,1,2,3,3,3,3,1,1,1,3,,1,3,2,3,3,3,3,3,4,2,3,3,3,1|2|4|5|3,4,4,2,2,2,5,7,6,6,7,6,5,6,2|5|7|6|1|3|4|8,3,3,3,3,3,2|4|3|1|5,5,4,4,2|1,3,3,4,4,5,5,5,7,4,4,4,4,4,4,4,7,4,4,10|6|7|3|5|2|8|4|11|1|9,3,4|2|3|1,4,4,4,5,5,5,7,7,5,Condition3_Ctrl
2024-06-22 07:49:09,2024-06-22 07:55:24,0,100,375,1,2024-06-22 07:55:25,R_1HpJhkhfYmzrf5K,anonymous,EN,1,,0,,,1,60,2,3,4,1,2,2,1,1,2,1,2,1,10,1,5,5,5,5,1,1,5,1,4,5,1,5,2|4|1|5|3,1,1,1,1,1,7,7,7,7,7,7,4,7,1|7|3|5|4|8|6|2,1,1,1,3,1,4|2|3|1|5,0,1,2,1|2,5,5,2,2,2,1,2,6,6,6,6,6,6,6,6,6,6,6,5|9|3|6|2|4|7|8|10|1|11,2,4|2|1|3,1,4,1,4,4,4,6,4,6,Condition1_Eco
2024-06-22 08:12:41,2024-06-22 08:18:34,0,100,353,1,2024-06-22 08:18:35,R_AdIcjkB4QbTCCJP,anonymous,EN,1,,0,,,1,46,2,3,4,1,3,3,4,4,1,1,1,1,,3,4,4,4,4,4,4,4,2,4,3,4,4,5|4|3|2|1,2,2,2,2,2,5,4,5,4,4,4,4,4,8|5|6|7|2|4|3|1,4,4,4,4,4,4|3|2|1|5,0,2,2,1|2,4,4,3,3,3,3,4,4,4,4,4,4,4,4,4,4,4,4,3|8|4|11|1|7|9|2|10|6|5,1,4|2|1|3,2,4,4,3,3,4,5,5,5,Condition3_Ctrl
2024-06-22 08:19:55,2024-06-22 08:28:42,0,100,527,1,2024-06-22 08:28:43,R_20YxiBrNaKTkglE,anonymous,EN,0.5,,0,,,1,52,1,1,5,6,4,4,3,3,1,1,1,1,,3,5,4,3,4,3,4,5,2,4,5,4,1,3|2|5|4|1,3,3,3,3,,7,7,7,7,7,4,7,5,8|1|5|4|3|2|7|6,1,2,1,2,1,4|2|1|3|5,0,3,3,1|2,4,3,4,2,3,2,4,7,7,7,7,5,5,7,7,7,7,7,6|4|1|7|11|3|5|10|2|9|8,4,1|3|4|2,3,3,3,3,4,3,6,5,6,Condition1_Eco
2024-06-22 08:25:52,2024-06-22 08:40:20,0,100,867,1,2024-06-22 08:40:21,R_1gwJwbLB7ZBS6Xu,anonymous,EN,1,,0,,,1,51,2,4,3,7,4,4,2,3,1,2,1,1,,3,4,2,3,4,3,4,5,2,2,2,4,1,1|3|5|4|2,4,2,1,1,1,6,5,7,3,7,2,3,5,8|1|7|2|3|5|4|6,1,1,1,1,4,1|4|2|3|5,0,2,4,1|2,4,3,2,2,3,3,6,7,6,6,6,6,5,7,7,7,6,5,7|2|1|5|8|10|9|6|3|4|11,2,4|2|3|1,5,2,3,3,2,4,6,5,4,Condition2_Env
2024-06-22 09:13:43,2024-06-22 09:24:17,0,100,633,1,2024-06-22 09:24:18,R_3nGgpdWLghHZfCf,anonymous,EN,1,,0,,,1,59,1,8,6,1,2,2,1,1,1,2,1,1,,3,4,4,5,3,2,4,5,3,4,2,3,4,4|3|5|2|1,4,2,2,2,1,7,4,7,2,7,2,6,6,7|2|3|5|4|6|8|1,1,1,1,2,2,3|2|4|1|5,0,1,3,1|2,5,4,3,2,3,1,2,7,5,6,7,6,6,6,7,7,7,7,11|9|8|5|2|3|1|6|7|10|4,4,2|1|4|3,5,5,3,4,4,4,2,2,2,Condition3_Ctrl
2024-06-22 09:54:24,2024-06-22 09:59:10,0,100,286,1,2024-06-22 09:59:11,R_1dtRx6DuUWSzPXl,anonymous,EN,1,,0,,,1,25,1,3,5,2,4,5,5,4,2,2,3,3,7,5,5,4,5,5,4,5,1,4,5,4,4,5,2|4|5|1|3,5,4,4,5,5,7,6,7,7,6,6,6,6,1|7|3|5|6|4|2|8,3,3,3,4,4,2|4|3|1|5,,4,5,1|2,6,5,6,6,6,6,6,7,6,7,6,5,7,6,6,7,5,6,3|2|8|1|6|11|9|4|10|7|5,1,2|4|3|1,4,4,5,,,,6,5,7,Condition1_Eco
2024-06-22 09:47:58,2024-06-22 09:59:20,0,100,681,1,2024-06-22 09:59:20,R_2CqEqcXevWFiRJz,anonymous,EN,1,,0,,,1,39,1,5,2,1,3,3,3,2,1,1,1,1,,3,4,2,2,3,4,5,5,4,1,5,4,1,2|3|4|5|1,5,5,5,5,2,7,7,7,5,7,6,5,5,8|1|7|6|3|2|5|4,1,1,3,1,1,1|4|2|3|5,0,5,5,2|1,5,4,4,4,4,4,4,3,4,3,4,6,7,6,2,4,4,7,5|6|10|3|1|2|7|11|4|8|9,2,4|3|1|2,4,4,5,2,1,4,1,3,3,Condition1_Eco
2024-06-22 10:00:14,2024-06-22 10:17:59,0,100,1065,1,2024-06-22 10:18:00,R_1dukZ5G4YpWXbwY,anonymous,EN,1,,0,,,1,39,2,4,4,1,2,3,3,3,1,2,1,1,,3,3,3,3,3,3,1,5,2,4,2,4,4,3|5|4|1|2,4,3,3,3,3,4,5,4,4,4,5,4,4,1|8|5|4|3|2|7|6,3,3,3,3,3,2|3|1|4|5,5,3,3,2|1,4,4,2,4,4,4,6,5,5,6,4,6,5,7,4,5,6,5,10|7|5|2|8|1|4|11|3|9|6,2,3|4|1|2,3,3,3,2,2,3,4,4,4,Condition2_Env
2024-06-22 10:34:45,2024-06-22 10:47:34,0,100,769,1,2024-06-22 10:47:35,R_puvfQzBSu8KU0kp,anonymous,EN,0.8999999761581421,,0,,,1,46,2,3,2,2,3,3,3,3,1,2,1,1,,2,4,2,1,1,4,5,,4,1,2,5,1,2|4|1|3|5,5,5,5,4,3,7,7,7,6,4,2,5,7,4|7|2|5|8|3|6|1,3,3,1,1,1,2|1|4|3|5,0,4,4,1|2,6,6,6,4,4,6,4,7,4,7,7,5,7,7,7,7,7,7,9|4|6|1|3|8|11|2|10|7|5,1,2|4|3|1,3,2,3,4,5,5,7,6,6,Condition3_Ctrl
2024-06-22 11:00:57,2024-06-22 11:07:03,0,100,366,1,2024-06-22 11:07:03,R_1IGmBlT0fX4bMGV,anonymous,EN,0.800000011920929,true,82,,2024-06-21 15:55:33,1,57,1,4,2,1,2,2,2,1,1,1,1,1,,1,2,3,3,2,3,3,5,4,1,3,5,1,4|1|5|3|2,4,4,4,4,4,6,6,4,6,5,4,4,4,6|2|1|3|5|7|4|8,2,3,2,2,2,2|4|3|1|5,0,4,4,1|2,6,6,6,6,6,6,6,5,4,4,4,4,6,6,3,4,6,4,10|2|4|3|1|9|6|7|8|5|11,2,3|2|4|1,2,3,3,3,1,3,2,2,2,Condition3_Ctrl
2024-06-22 10:55:51,2024-06-22 11:09:10,0,100,799,1,2024-06-22 11:09:10,R_2QWi8q80qpPA5Yf,anonymous,EN,0.8999999761581421,,0,,,1,65,1,8,3,7,3,2,1,2,1,2,1,1,,3,5,4,3,4,3,3,5,3,2,2,4,2,3|2|4|5|1,3,2,2,1,1,7,5,7,6,6,6,5,6,2|8|7|6|3|5|4|1,1,1,1,4,3,2|3|1|4|5,0,2,5,1|2,4,4,3,3,4,2,2,6,5,5,5,6,7,6,7,6,6,6,10|3|1|2|9|4|6|11|5|8|7,2,4|1|2|3,3,3,4,4,4,4,4,3,5,Condition1_Eco
2024-06-22 11:08:26,2024-06-22 11:24:21,0,100,954,1,2024-06-22 11:24:22,R_2U8UWckIpHYpreE,anonymous,EN,1,,0,,,1,49,1,2,4,1,3,3,1,2,1,2,3,1,,3,5,5,5,5,1,1,5,3,3,3,1,4,2|4|1|3|5,3,1,1,1,1,7,3,7,3,7,4,7,6,5|7|6|1|8|3|4|2,1,1,1,4,3,1|3|4|2|5,0,1,2,2|1,5,5,3,2,2,2,4,7,4,3,7,5,5,7,7,7,7,6,5|6|3|2|4|8|11|1|9|10|7,1,2|3|1|4,3,4,3,4,4,4,5,5,5,Condition2_Env
2024-06-22 11:26:16,2024-06-22 11:33:23,0,100,426,1,2024-06-22 11:33:23,R_3Li51cmCKbQPax3,anonymous,EN,1,,0,10,,1,35,1,7,1,1,5,5,5,5,2,2,3,3,100,1,5,5,5,5,5,5,3,5,5,5,5,5,4|3|2|1|5,5,5,5,5,5,7,7,7,7,7,7,7,7,3|2|5|1|7|6|8|4,5,5,5,5,5,1|4|2|3|5,18,5,5,1|2,6,6,6,6,6,6,6,7,7,7,7,7,7,7,7,7,7,7,2|9|1|6|4|3|8|11|7|5|10,3,2|1|4|3,5,5,5,5,5,5,7,7,7,Condition3_Ctrl
2024-06-22 11:33:17,2024-06-22 11:35:08,0,100,110,1,2024-06-22 11:35:09,R_0lb5xYu68QeOHJL,anonymous,EN,1,,0,,,1,28,1,6,7,1,1,1,1,2,1,1,1,3,,2,4,3,,4,3,4,1,4,4,4,3,5,3|4|5|1|2,4,4,4,4,4,6,6,5,5,2,5,2,2,6|3|2|1|4|5|8|7,2,2,2,2,2,2|1|3|4|5,15,3,3,1|2,4,4,4,4,,4,5,5,6,5,5,5,6,5,5,6,6,5,5|7|3|4|11|8|1|10|6|2|9,1,1|3|2|4,4,3,2,2,3,4,4,4,4,Condition1_Eco
2024-06-22 10:11:42,2024-06-22 11:40:16,0,100,5313,1,2024-06-22 11:40:16,R_2P5ptbA1ZFvxZw0,anonymous,EN,1,,0,,,1,23,1,2,4,5,4,4,4,4,2,1,1,2,15,3,4,3,2,2,4,3,,3,3,3,4,4,2|3|1|5|4,4,3,4,4,3,5,5,4,5,4,4,4,5,1|7|2|6|4|5|8|3,3,4,4,3,3,2|1|4|3|5,12,3,3,2|1,3,3,4,3,3,4,3,5,5,6,4,6,6,6,5,5,6,5,1|5|7|4|8|6|9|3|2|10|11,4,4|3|2|1,3,3,3,4,4,4,5,4,5,Condition2_Env
2024-06-22 11:48:38,2024-06-22 11:54:35,0,100,357,1,2024-06-22 11:54:36,R_3Doxurhkyh6JuNi,anonymous,EN,1,,0,,,1,49,1,4,6,1,2,3,2,2,1,2,1,1,,1,5,4,4,4,3,4,5,2,3,4,2,4,5|2|1|3|4,4,3,1,1,1,5,5,6,3,6,3,6,6,7|3|6|1|2|5|4|8,1,1,1,2,1,1|4|2|3|5,0,2,4,1|2,5,5,4,3,2,2,2,6,5,6,6,5,5,7,6,6,6,6,7|5|2|1|9|3|6|8|11|10|4,1,1|4|3|2,5,3,2,4,4,4,6,5,5,Condition3_Ctrl
2024-06-22 13:49:06,2024-06-22 13:52:14,0,100,187,1,2024-06-22 13:52:15,R_1GoIVx9TpFKNNwl,anonymous,EN,1,,0,,,1,24,1,8,4,1,4,4,4,5,2,2,3,2,,4,4,4,5,5,4,3,5,5,5,5,5,5,1|5|2|3|4,4,5,5,4,5,7,7,6,6,4,7,7,6,4|3|2|6|8|5|7|1,5,5,5,4,5,3|4|1|2|5,20,4,4,2|1,5,4,3,3,4,2,4,5,3,5,6,7,5,5,7,5,2,7,5|6|2|9|11|7|3|10|1|8|4,2,1|4|2|3,4,4,4,4,4,3,6,3,7,Condition2_Env
2024-06-22 16:01:45,2024-06-22 16:04:47,0,100,181,1,2024-06-22 16:04:47,R_23eg9NwCbCcpj74,anonymous,EN,1,,0,,,1,20,1,2,3,1,2,3,3,3,1,1,1,1,,3,3,3,3,3,3,3,5,3,3,3,3,2,3|4|2|5|1,2,3,4,3,4,3,4,4,4,3,4,4,5,1|3|2|5|7|6|4|8,3,2,4,3,4,2|4|1|3|5,0,3,3,1|2,3,3,3,3,3,3,3,4,5,2,3,5,4,4,5,5,3,3,1|9|6|11|10|3|4|7|5|2|8,2,1|2|3|4,3,3,4,3,2,3,4,4,5,Condition1_Eco
2024-06-21 16:27:47,2024-06-21 16:29:19,0,45,91,0,2024-06-22 16:29:20,R_WwfrYKJXHAQtPvH,anonymous,EN,0.800000011920929,,0,0,,1,54,1,2,4,7,2,3,2,2,1,2,1,1,,3,,,,,,,,,,,,,,,,,,,,,,,,,,,,,,,,,,,,,,,,,,,,,,,,,,,,,,,,,,,,,,,,,,,,
2024-06-22 16:30:30,2024-06-22 16:37:51,0,100,440,1,2024-06-22 16:37:52,R_2U6qVUg3pUScxjb,anonymous,EN,1,,0,,,1,52,1,2,3,1,1,3,1,1,1,2,1,1,,1,5,5,5,5,2,1,5,3,2,3,3,3,1|4|2|3|5,1,1,1,1,1,2,3,2,2,3,2,2,3,7|6|3|4|5|2|8|1,1,1,1,1,1,3|2|1|4|5,0,1,2,2|1,5,5,2,2,4,3,2,6,4,7,5,5,6,7,6,7,7,6,11|3|2|7|8|9|6|1|4|10|5,4,1|4|3|2,2,4,3,4,4,4,5,5,5,Condition1_Eco
2024-06-21 16:57:56,2024-06-21 17:01:39,0,52,222,0,2024-06-22 17:01:42,R_3n1LXiwNy7dEAYF,anonymous,EN,1,,0,0,,1,53,1,2,1,1,3,3,3,3,2,2,1,1,50,1,3,1,1,1,3,3,5,,,,,,,,,,,,,,,,,,,,,,,,,,,,,,,,,,,,,,,,,,,,,,,,,,,,,,,,,,,,,
2024-06-21 18:08:11,2024-06-21 18:08:19,0,6,8,0,2024-06-22 18:08:21,R_1DnGN8bYQWgq6aq,anonymous,EN,1,,0,0,,1,,,,,,,,,,,,,,,,,,,,,,,,,,,,,,,,,,,,,,,,,,,,,,,,,,,,,,,,,,,,,,,,,,,,,,,,,,,,,,,,,,,
2024-06-21 18:53:45,2024-06-21 18:56:10,0,68,144,0,2024-06-22 18:56:11,R_1eOF0Z3O58Wseua,anonymous,EN,1,,0,0,,1,39,2,4,7,6,1,3,3,2,1,2,1,1,,3,3,2,2,2,3,4,5,2,4,4,2,4,3|5|4|1|2,4,4,4,3,3,,,,,,,,,,,,,,,,,,,,,,,,,,,,,,,,,,,,,,,,,,,,,,,,,,Condition1_Eco
2024-06-21 21:03:10,2024-06-21 21:14:26,0,94,676,0,2024-06-22 21:14:31,R_10JkCMRBpXSbKh6,anonymous,EN,1,,0,,,1,58,2,2,5,4,2,1,2,2,,,1,1,,1,4,4,3,4,3,4,,2,2,2,3,4,4|5|1|2|3,4,3,1,1,1,7,7,7,7,6,7,6,6,8|5|4|7|3|2|6|1,1,1,1,3,2,3|2|1|4|5,,2,3,2|1,6,6,6,6,6,6,6,7,7,4,7,5,7,5,7,7,7,7,9|1|2|5|7|4|3|11|10|6|8,2,4|1|2|3,4,4,3,,,,,,,Condition1_Eco
2024-06-21 22:12:28,2024-06-21 22:13:21,0,26,53,0,2024-06-22 22:13:22,R_9mMny94Huq3xj1v,anonymous,EN,1,,0,,,1,38,1,8,4,1,5,3,4,4,,,,,,,,,,,,,,,,,,,,,,,,,,,,,,,,,,,,,,,,,,,,,,,,,,,,,,,,,,,,,,,,,,,,,,,,,,
2024-06-21 23:37:39,2024-06-21 23:41:45,0,68,246,0,2024-06-22 23:41:48,R_3hgZd6TL9ukOeBs,anonymous,EN,1,,0,,,1,38,1,4,2,1,5,4,1,3,2,2,1,1,,1,5,5,3,5,3,3,5,2,3,3,4,2,3|2|5|4|1,2,2,1,1,1,,,,,,,,,,,,,,,,,,,,,,,,,,,,,,,,,,,,,,,,,,,,,,,,,,Condition1_Eco
2024-06-22 00:07:23,2024-06-22 00:07:27,0,6,4,0,2024-06-23 00:07:28,R_3HzUhnfwziKjBDj,anonymous,EN,1,true,100,25,2024-06-21 13:30:55,1,,,,,,,,,,,,,,,,,,,,,,,,,,,,,,,,,,,,,,,,,,,,,,,,,,,,,,,,,,,,,,,,,,,,,,,,,,,,,,,,,,,
2024-06-23 06:47:59,2024-06-23 07:03:23,0,100,924,1,2024-06-23 07:03:24,R_1rCuJqfOCK0ZAqs,anonymous,EN,1,,0,,,1,59,1,8,4,1,3,4,2,3,1,2,1,1,,2,5,4,5,4,4,4,5,3,3,4,3,4,3|4|2|5|1,2,2,2,1,1,6,4,5,5,5,7,6,6,7|1|8|5|2|3|4|6,2,2,2,3,4,2|3|1|4|5,0,2,3,2|1,4,4,3,3,3,2,2,5,5,5,5,5,6,4,5,4,5,4,11|5|9|3|10|6|2|4|7|1|8,3,1|2|4|3,3,3,3,4,4,3,3,4,4,Condition3_Ctrl
2024-06-23 08:54:36,2024-06-23 08:58:52,0,100,256,1,2024-06-23 08:58:53,R_1jfvnOlgJxJGyFK,anonymous,EN,1,,0,,,1,63,2,4,5,1,2,2,3,2,1,1,1,1,,3,4,2,3,3,3,4,5,2,3,4,4,2,4|2|5|3|1,5,5,5,4,3,5,7,6,6,4,3,5,5,7|8|3|4|5|6|1|2,1,1,1,1,2,4|1|3|2|5,0,4,5,1|2,3,3,3,4,5,2,4,6,5,4,7,6,7,7,6,7,7,6,9|3|6|8|2|10|4|5|11|1|7,1,3|1|2|4,3,2,3,4,3,5,5,5,4,Condition2_Env
2024-06-22 09:04:12,2024-06-22 09:05:43,0,61,91,0,2024-06-23 09:05:45,R_8uEaYmZstqzG4Yp,anonymous,EN,1,,0,,,1,57,2,4,4,2,4,4,4,4,1,2,1,1,,1,5,3,4,5,3,4,5,2,1,1,5,1,5|3|1|2|4,,,,,,,,,,,,,,,,,,,,,,,,,,,,,,,,,,,,,,,,,,,,,,,,,,,,,,,Condition2_Env
2024-06-23 09:23:16,2024-06-23 09:27:59,0,100,283,1,2024-06-23 09:27:59,R_O9JMEhTM74RU3fj,anonymous,EN,1,,0,,,1,23,2,2,3,1,3,3,3,3,1,2,1,1,,2,3,2,2,2,2,2,,3,3,3,3,3,5|3|4|1|2,5,5,5,5,5,7,7,7,7,7,7,7,7,5|3|8|6|1|4|7|2,5,5,5,5,5,4|1|2|3|5,10,4,4,1|2,3,3,3,3,3,3,3,4,4,4,4,4,4,4,4,4,4,4,11|2|4|3|5|7|1|6|9|10|8,2,1|2|4|3,5,5,5,5,5,5,7,7,7,Condition3_Ctrl
2024-06-23 15:46:21,2024-06-23 15:53:25,0,100,424,1,2024-06-23 15:53:26,R_6XXaGUIwDXqi7VT,anonymous,EN,1,,0,,,1,31,2,5,4,1,3,4,4,4,1,2,3,1,,3,2,2,2,3,2,4,5,2,2,3,4,2,2|4|3|1|5,5,4,3,2,1,6,5,6,5,6,,4,5,7|5|8|3|1|4|2|6,2,3,3,1,3,3|1|2|4|5,5,2,4,1|2,5,,4,3,2,3,4,7,7,6,7,6,7,7,7,7,7,7,4|9|1|2|7|8|10|3|6|5|11,4,2|1|4|3,3,3,3,2,2,4,5,5,5,Condition2_Env
2024-06-24 10:11:06,2024-06-24 10:24:03,0,100,777,1,2024-06-24 10:24:04,R_3wUizlFkq7dk9aN,anonymous,EN,1,,0,,,1,19,2,1,6,1,2,3,2,3,1,2,1,1,,2,5,5,3,4,3,3,5,4,2,2,5,1,5|4|1|2|3,4,1,1,1,1,6,6,4,2,4,2,2,2,1|8|7|4|6|2|3|5,1,1,1,1,1,4|3|1|2|5,0,1,1,2|1,5,5,5,4,4,2,4,6,6,7,6,6,7,7,7,7,6,6,2|3|4|11|9|10|8|7|5|6|1,4,4|3|1|2,2,3,3,2,2,4,5,4,3,Condition1_Eco
2024-06-24 19:53:21,2024-06-24 19:56:52,0,100,210,1,2024-06-24 19:56:52,R_cw3MImls4MqTQAx,anonymous,EN,1,,0,,,1,65,2,2,7,2,2,2,2,2,1,2,1,1,,1,4,2,2,3,4,5,5,4,2,4,3,4,1|5|2|3|4,5,5,5,5,1,7,7,6,6,5,7,6,6,6|2|1|3|7|8|4|5,3,3,2,1,3,3|2|1|4|5,5,4,4,2|1,6,6,6,6,6,6,6,7,6,7,6,7,7,7,7,7,7,6,10|2|5|8|3|7|1|9|4|11|6,1,1|2|3|4,3,4,2,5,4,4,6,4,6,Condition3_Ctrl
2024-06-25 08:26:19,2024-06-25 08:33:59,0,100,460,1,2024-06-25 08:34:00,R_2q9r0hnFAiLnkbZ,anonymous,EN,1,,0,40,,1,40,1,6,5,1,4,4,2,4,2,2,2,3,10,4,2,2,3,4,3,4,1,3,4,3,3,2,5|4|2|3|1,4,4,5,4,4,5,5,3,4,4,4,4,3,2|8|3|6|7|1|5|4,4,4,4,3,4,4|3|2|1|5,15,3,4,2|1,5,4,4,3,4,6,3,,4,6,4,5,5,7,6,,7,4,6|5|9|3|4|10|8|7|2|11|1,2,4|3|2|1,4,4,3,3,4,3,4,4,2,Condition3_Ctrl
2024-06-25 08:26:20,2024-06-25 08:34:00,0,100,459,1,2024-06-25 08:34:00,R_12yEWrmGQcrATGA,anonymous,EN,1,,0,10,,1,40,1,6,5,1,4,4,2,4,2,2,2,3,10,4,2,2,3,4,3,4,1,2,3,3,4,3,1|3|4|2|5,4,4,5,4,4,3,4,4,5,4,4,5,3,4|8|1|2|6|7|5|3,4,3,4,4,4,2|4|3|1|5,15,3,4,2|1,5,4,4,3,4,6,3,5,5,4,6,4,5,,4,7,6,7,2|1|6|4|7|11|10|9|3|8|5,2,1|3|2|4,4,4,3,3,4,3,4,4,2,Condition2_Env
2024-06-25 08:26:21,2024-06-25 08:34:00,0,100,458,1,2024-06-25 08:34:00,R_3EbQdPVJF5wWCc0,anonymous,EN,1,,0,30,,1,40,1,6,5,1,4,4,2,4,2,2,2,3,10,4,2,2,3,4,3,4,1,4,2,3,3,3,2|5|1|3|4,4,4,5,4,4,3,4,3,5,4,,4,5,4|1|3|7|5|8|2|6,4,3,4,4,4,2|1|3|4|5,15,3,4,2|1,5,4,4,3,4,6,3,4,5,4,3,6,3,6,5,5,5,3,1|8|9|10|3|5|2|7|4|6|11,3,4|2|3|1,4,4,3,3,4,3,4,4,2,Condition2_Env
2024-06-25 08:28:10,2024-06-25 08:34:00,0,100,349,1,2024-06-25 08:34:00,R_1q1CP56na8Kja4u,anonymous,EN,,,0,10,,1,40,1,6,5,1,4,4,2,4,2,2,2,3,10,4,2,2,3,4,3,4,1,3,3,3,4,2,5|3|4|1|2,4,4,5,4,4,3,3,4,3,3,4,3,3,3|7|8|4|1|6|2|5,4,3,4,4,4,2|1|4|3|5,15,3,,2|1,5,4,4,3,4,6,3,5,5,4,5,3,4,6,3,3,6,5,3|2|1|11|6|10|4|7|9|8|5,4,3|2|4|1,4,4,3,3,4,3,4,4,2,Condition1_Eco
2024-06-25 08:26:28,2024-06-25 08:34:00,0,100,452,1,2024-06-25 08:34:00,R_8831mlLf4EEO00x,anonymous,EN,1,,0,10,,1,40,1,6,5,1,4,4,2,4,2,2,2,3,10,4,2,2,3,4,3,4,1,4,3,3,3,2,5|2|1|3|4,4,4,5,4,4,5,4,4,4,4,5,3,3,6|8|7|2|3|1|4|5,4,3,4,4,4,2|4|3|1|5,15,3,4,2|1,5,4,4,3,4,6,3,4,6,5,6,4,3,5,5,3,5,3,5|7|3|8|1|2|10|4|9|11|6,3,4|1|3|2,4,4,3,3,4,3,4,4,2,Condition1_Eco
2024-06-25 09:37:21,2024-06-25 09:41:26,0,100,244,1,2024-06-25 09:41:27,R_0kZPzhZVen2PkU9,anonymous,EN,1,,0,,,1,52,1,5,4,1,3,3,3,3,1,1,2,1,,2,4,4,3,4,4,4,5,5,1,3,5,1,2|4|3|5|1,3,3,3,2,3,5,4,4,5,4,,5,4,4|6|5|1|3|8|2|7,1,1,2,1,1,3|1|2|4|5,1,2,3,2|1,6,6,6,6,5,6,6,5,6,5,6,7,6,5,,7,7,5,8|10|5|9|6|11|3|7|1|2|4,1,3|1|4|2,,3,3,3,2,5,5,6,5,Condition3_Ctrl
2024-06-25 08:58:56,2024-06-25 09:46:36,0,100,2860,1,2024-06-25 09:46:36,R_1lcwl8GxJ8n3i84,anonymous,EN,1,,0,5,,1,48,1,5,3,1,2,2,2,2,1,2,1,3,,3,2,3,2,1,1,1,5,1,1,3,4,4,1|2|4|3|5,4,4,3,4,4,5,5,4,4,4,5,5,4,2|5|6|7|3|4|1|8,3,3,4,4,4,3|4|1|2|5,0,2,4,2|1,5,3,2,2,3,3,2,3,4,4,4,4,3,3,4,3,4,3,6|7|2|3|5|1|10|11|9|4|8,2,3|2|1|4,3,3,3,,,,3,4,4,Condition1_Eco
2024-06-25 10:49:35,2024-06-25 10:57:28,0,100,473,1,2024-06-25 10:57:28,R_2tohelubi2E2Kxb,anonymous,EN,1,,0,,,1,55,1,4,4,1,3,3,2,2,1,2,1,1,,2,5,5,5,5,1,4,5,3,1,1,4,2,1|3|4|5|2,2,1,1,1,1,7,5,6,4,6,4,4,7,4|6|3|5|1|7|2|8,1,1,1,3,2,3|1|2|4|5,0,2,1,2|1,5,4,3,3,3,2,3,7,7,7,7,7,7,7,7,7,7,7,6|10|4|11|5|3|1|9|8|7|2,1,3|1|2|4,4,4,1,4,3,4,6,6,6,Condition2_Env
2024-06-25 11:20:18,2024-06-25 11:24:20,0,100,242,1,2024-06-25 11:24:20,R_3khpVatiOMc6tdT,anonymous,EN,0.699999988079071,,0,,,1,30,2,3,6,1,4,5,3,4,1,1,2,3,,1,4,3,4,5,4,4,1,4,5,3,4,4,3|5|1|2|4,3,4,4,5,4,6,5,5,6,5,6,7,4,5|1|2|6|8|4|3|7,5,4,4,3,3,4|3|1|2|5,11,4,3,1|2,3,2,4,3,2,3,4,7,6,5,6,6,7,5,6,6,6,7,5|2|7|4|10|11|8|1|9|3|6,3,4|1|3|2,3,4,5,3,4,4,5,6,7,Condition2_Env
2024-06-25 11:27:47,2024-06-25 11:32:59,0,100,312,1,2024-06-25 11:33:00,R_3dGtn0gSOKtE3WT,anonymous,EN,1,,0,,,2,,,,,,,,,,,,,,,,,,,,,,,,,,,,,,,,,,,,,,,,,,,,,,,,,,,,,,,,,,,,,,,,,,,,,,,,,,,,,,,,,,,
2024-06-25 12:20:02,2024-06-25 12:29:02,0,100,539,1,2024-06-25 12:29:02,R_3KC0MCItaGLKDqI,anonymous,EN,1,,0,,,1,56,1,2,5,1,2,4,3,4,1,2,1,1,,1,5,5,5,5,5,5,5,2,4,4,2,4,4|5|2|1|3,5,4,4,4,4,7,6,6,7,7,5,5,6,1|3|8|4|6|2|5|7,1,1,1,1,1,4|3|2|1|5,0,4,5,1|2,5,4,4,3,3,2,3,7,4,4,4,3,7,1,1,7,7,7,9|4|5|7|8|11|10|1|2|3|6,4,4|2|1|3,5,1,3,5,5,5,7,7,5,Condition3_Ctrl
2024-06-25 12:26:33,2024-06-25 12:32:30,0,100,357,1,2024-06-25 12:32:31,R_5aNB0cEO7DPcBX3,anonymous,EN,1,,0,,,1,60,2,4,5,1,2,4,4,4,1,2,1,1,,1,4,4,3,4,4,4,5,1,1,2,4,2,4|5|3|1|2,4,4,4,4,3,6,6,6,6,6,6,6,6,7|3|2|1|8|4|6|5,1,1,1,1,1,2|1|4|3|5,2,4,4,1|2,5,3,2,2,2,2,2,6,6,6,6,6,6,6,6,6,6,6,4|6|11|2|1|9|7|3|5|8|10,4,2|1|4|3,3,3,3,3,3,3,5,5,5,Condition1_Eco
2024-06-25 13:40:28,2024-06-25 13:43:35,0,100,186,1,2024-06-25 13:43:36,R_3CIquTNNbNJYuL7,anonymous,EN,1,,0,,,1,24,1,7,6,1,1,2,2,2,2,1,3,3,1,1,4,4,5,4,5,5,4,5,5,4,4,5,1|2|5|4|3,5,4,4,4,5,6,6,7,6,,3,7,6,8|1|4|3|2|7|6|5,3,3,4,4,5,3|4|1|2|5,2,1,3,1|2,5,4,5,5,5,3,5,4,7,7,6,5,7,7,6,6,6,5,4|11|3|2|1|7|10|9|5|8|6,1,1|2|4|3,4,4,2,5,5,4,7,6,7,Condition3_Ctrl
2024-06-25 13:56:22,2024-06-25 13:58:58,0,100,155,1,2024-06-25 13:58:58,R_1l64NeoOp2Pb6vA,anonymous,EN,1,,0,,,1,23,2,2,4,1,4,4,2,3,2,1,1,2,13,3,3,2,3,5,3,4,3,4,2,4,3,2,4|2|1|5|3,3,2,4,4,4,4,3,5,5,4,5,2,2,4|7|8|5|6|1|3|2,4,1,3,3,3,4|1|2|3|5,0,2,2,2|1,3,2,4,3,2,4,5,4,6,2,4,5,2,4,4,4,6,5,1|9|6|10|11|8|7|5|2|3|4,1,3|1|4|2,3,2,4,3,5,2,4,2,6,Condition1_Eco
2024-06-25 14:00:06,2024-06-25 14:06:34,0,100,388,1,2024-06-25 14:06:35,R_2CZKIejEe1nnpXH,anonymous,EN,1,,0,,,1,45,2,3,3,3,5,5,4,3,1,1,1,1,,1,2,1,2,3,4,5,5,2,1,1,5,1,5|3|4|2|1,4,5,5,5,5,7,7,6,6,6,4,7,5,4|3|2|6|8|5|1|7,2,3,3,1,2,3|2|1|4|5,15,4,4,1|2,3,3,1,4,6,2,6,6,5,7,5,7,7,7,7,6,6,7,10|8|5|4|7|1|3|9|11|2|6,1,1|2|3|4,4,3,3,4,2,3,4,5,3,Condition2_Env
2024-06-25 14:05:16,2024-06-25 14:08:16,0,100,179,1,2024-06-25 14:08:17,R_2TZdWPZtmDR64sj,anonymous,EN,1,,0,,,1,1994,1,2,6,1,3,3,3,3,1,2,2,3,,1,2,2,2,2,2,2,2,3,3,3,3,3,1|2|5|4|3,3,3,3,3,3,2,4,4,3,4,2,2,3,6|1|7|4|8|5|3|2,3,3,3,3,3,4|2|3|1|5,5,2,2,2|1,4,4,2,4,3,2,2,4,4,4,4,4,4,4,4,4,4,4,5|11|1|7|3|10|9|6|4|2|8,3,2|3|4|1,4,3,3,3,3,3,1,4,4,Condition3_Ctrl
