StartDate,EndDate,Status,Progress,Duration (in seconds),Finished,RecordedDate,ResponseId,DistributionChannel,UserLanguage,Q_RecaptchaScore,Q_RelevantIDDuplicate,Q_RelevantIDDuplicateScore,Q_RelevantIDFraudScore,Q_RelevantIDLastStartDate,Q2_Consent2,Q3_Age,Q4_Gender,Q5_Edu_level,Q8_Emp,Q10_Trust_1,Q10_Trust_2,Q10_Trust_3,Q10_Trust_4,Q11_WE_Home,Q12_WE_Visit,Q13_WE_Emp,Q14_WE_Invest,Q17_Know_1,Q17_Know_2,Q17_Know_3,Q17_Know_4,Q17_Know_5,Q17_Know_6,Q20_Env_Concern_1,Q20_Env_Concern_2,Q20_Env_Concern_3,Q20_Env_Concern_4,Q20_Env_Concern_5,Q20_Env_Concern_DO,Q24_SA_Att_1,Q24_SA_Att_2,Q24_SA_Att_3,Q24_SA_Att_4,Q24_SA_Att_5,Q25_SA_Fact_1,Q25_SA_Fact_2,Q25_SA_Fact_3,Q25_SA_Fact_4,Q25_SA_Fact_5,Q25_SA_Fact_6,Q25_SA_Fact_7,Q25_SA_Fact_8,Q25_SA_Fact_DO,Q26_SA_Behav_1,Q26_SA_Behav_2,Q26_SA_Behav_3,Q26_SA_Behav_4,Q26_SA_Behav_5,Q26_SA_Behav_DO,Q28_Acc_1,Q28_Acc_2,Q28_Acc_DO,Q29_Eco_Perc_1,Q29_Eco_Perc_2,Q29_Eco_Perc_3,Q29_Eco_Perc_4,Q29_Eco_Perc_5,Q29_Eco_Perc_6,Q29_Eco_Perc_7,Q30_Env_Id_1,Q30_Env_Id_2,Q30_Env_Id_3,Q30_Env_Id_4,Q30_Env_Id_5,Q30_Env_Id_6,Q30_Env_Id_7,Q30_Env_Id_8,Q30_Env_Id_9,Q30_Env_Id_10,Q30_Env_Id_11,Q30_Env_Id_DO,Q31_Check,Q31_Check_DO,Q32_Social_Norm_1,Q32_Social_Norm_2,Q32_Social_Norm_3,Q33_Comm_ID_1,Q33_Comm_ID_2,Q33_Comm_ID_3,FL_24_DO
Start Date,End Date,Response Type,Progress,Duration (in seconds),Finished,Recorded Date,Response ID,Distribution Channel,User Language,Q_RecaptchaScore,Q_RelevantIDDuplicate,Q_RelevantIDDuplicateScore,Q_RelevantIDFraudScore,Q_RelevantIDLastStartDate,"Περίοδος Αποθήκευσης Δεδομένων: Τα στοιχεία σας θα παραμείνουν ανώνυμα κατά τη συλλογή. Δεδομένου ότι τα ανώνυμα δεδομένα δεν έχουν προσωπικά αναγνωριστικά, θα αποθηκευτούν και θα διατηρηθούν για ερευνητικούς σκοπούς.



Επικοινωνία: Εάν έχετε οποιαδήποτε ερώτηση, μπορείτε να απευθυνθείτε στο άτομο που διεξάγει την έρευνα Ή μπορείτε να επικοινωνήσετε με την ερευνητική ομάδα -

	Roopali Bhatnagar (rbh.msc@cbs.dk), Copenhagen Business School, Δανία.
	Δημήτριος Κατσαπρακάκης (dkatsap@hmu.gr), Ελληνικό Μεσογειακό Πανεπιστήμιο, Ελλάδα.



Το Copenhagen Business School είναι υπεύθυνο για την πρόσβαση και την επεξεργασία των δεδομένων.



Εάν έχετε οποιαδήποτε ερώτηση σχετικά με την ασφάλεια των δεδομένων που δεν θέλετε να κοινοποιήσετε στα μέλη της ερευνητικής ομάδας, μπορείτε να επικοινωνήσετε με τον Υπεύθυνο Προστασίας Δεδομένων του Copenhagen Business School (DPO) - τον κ. Jesper Smedegaard Madsen (dpo@cbs.dk).



Εάν έχετε διαβάσει και κατανοήσει τις παραπάνω πληροφορίες, παρακαλώ επιλέξτε παρακάτω -",Ποια είναι η ηλικία σας (σε έτη);,Ποιο είναι το φύλο σας;,Ποιο είναι το υψηλότερο επίπεδο εκπαίδευσης που έχετε ολοκληρώσει;,Τι περιγράφει καλύτερα την τρέχουσα εργασιακή σας κατάσταση;,Πόση αξιοπιστία έχετε: - Στην εθνική κυβέρνηση;,Πόση αξιοπιστία έχετε: - Στην τοπική αυτοδιοίκηση (π.χ. επίπεδο δήμου;,Πόση αξιοπιστία έχετε: - Στους σχεδιαστές έργων αιολικής ενέργειας;,Πόση αξιοπιστία έχετε: - Στους πάροχους ενέργειας;,Μένετε κοντά σε αιολικό πάρκο;,Έχετε δει ποτέ μια ανεμογεννήτρια από κοντά ή έχετε επισκεφθεί ένα αιολικό πάρκο;,"Η απασχόλησή σας συνδέεται με οποιονδήποτε τρόπο με την αιολική βιομηχανία (π.χ. προγραμματιστής, επενδυτής, σύμβουλος, διαχειριστής έργου, υπεύθυνος χάραξης πολιτικής);","Έχετε ήδη επενδύσει σε ένα αιολικό πάρκο στην κοινότητα, την περιοχή ή τη χώρα σας;",Παρακαλούμε δηλώστε τη γνώμη σας για τις ακόλουθες προτάσεις: - Οι ανεμογεννήτριες σκοτώνουν τα πτηνά,"Παρακαλούμε δηλώστε τη γνώμη σας για τις ακόλουθες προτάσεις: - Η αιολική ενέργεια είναι ακριβή και δεν μπορεί να ανταγωνιστεί τις παραδοσιακές πηγές ενέργειας (π.χ. άνθρακας, πετρέλαιο)",Παρακαλούμε δηλώστε τη γνώμη σας για τις ακόλουθες προτάσεις: - Η αιολική ενέργεια θα αυξήσει τον μηνιαίο λογαριασμό ενέργειας.,Παρακαλούμε δηλώστε τη γνώμη σας για τις ακόλουθες προτάσεις: - Οι ανεμογεννήτριες είναι θορυβώδεις και μπορούν να επηρεάσουν την υγεία.,Παρακαλούμε δηλώστε τη γνώμη σας για τις ακόλουθες προτάσεις: - Περίπου το 95% μιας ανεμογεννήτριας μπορεί να ανακυκλωθεί.,Παρακαλούμε δηλώστε τη γνώμη σας για τις ακόλουθες προτάσεις: - Η παραγωγή ενέργειας από ανεμογεννήτριες δεν εκπέμπει αέρια θερμοκηπίου.,"Παρακαλούμε δηλώστε τη γνώμη σας για τις ακόλουθες προτάσεις: - Η κλιματική αλλαγή είναι πέρα από κάθε έλεγχο, είναι πολύ αργά για να κάνουμε οτιδήποτε γι' αυτήν.",Παρακαλούμε δηλώστε τη γνώμη σας για τις ακόλουθες προτάσεις: - Οι επιπτώσεις της κλιματικής αλλαγής είναι πολύ μακριά στο μέλλον για να με ανησυχήσουν πραγματικά.,Παρακαλούμε δηλώστε τη γνώμη σας για τις ακόλουθες προτάσεις: - Το περιβάλλον έχει χαμηλή προτεραιότητα σε σύγκριση με άλλα πράγματα στη ζωή μου.,"Παρακαλούμε δηλώστε τη γνώμη σας για τις ακόλουθες προτάσεις: - Εάν τα πράγματα συνεχίσουν την τρέχουσα πορεία τους, σύντομα θα ζήσουμε μια μεγάλη περιβαλλοντική καταστροφή.",Παρακαλούμε δηλώστε τη γνώμη σας για τις ακόλουθες προτάσεις: - Η λεγόμενη «περιβαλλοντική κρίση» που αντιμετωπίζει η ανθρωπότητα έχει προβληθεί υπερβολικά.,Παρακαλούμε δηλώστε τη γνώμη σας για τις ακόλουθες προτάσεις: - Display Order,"Παρακαλούμε δηλώστε τη γνώμη σας για τις ακόλουθες προτάσεις: - Είμαι υπέρ της τεχνολογίας της αιολικής ενέργειας, γενικά.",Παρακαλούμε δηλώστε τη γνώμη σας για τις ακόλουθες προτάσεις: - Είμαι υπέρ της κατασκευής αιολικών πάρκων στη χώρα μου.,Παρακαλούμε δηλώστε τη γνώμη σας για τις ακόλουθες προτάσεις: - Είμαι υπέρ της κατασκευής αιολικού πάρκου στην περιοχή μου (10-15 χλμ. από την κατοικία μου).,Παρακαλούμε δηλώστε τη γνώμη σας για τις ακόλουθες προτάσεις: - Είμαι υπέρ της κατασκευής αιολικού πάρκου στο δήμο μου (3-5 χλμ. από την κατοικία μου).,Παρακαλούμε δηλώστε τη γνώμη σας για τις ακόλουθες προτάσεις: - Είμαι υπέρ της κατασκευής ενός αιολικού πάρκου στην κοινότητά μου (1-2 χλμ. από την κατοικία μου).,"Για να σχηματίσετε τη γνώμη σας για την αιολική ενέργεια, αναφέρετε πόσο σημαντικοί είναι οι ακόλουθοι παράγοντες: - Περιβαλλοντικά ζητήματα (π.χ. επιπτώσεις στη βιοποικιλότητα, την άγρια ζωή, το οικοσύστημα).","Για να σχηματίσετε τη γνώμη σας για την αιολική ενέργεια, αναφέρετε πόσο σημαντικοί είναι οι ακόλουθοι παράγοντες: - Κλιματικά ζητήματα (π.χ. υπερθέρμανση του πλανήτη, εκπομπές CO2).","Για να σχηματίσετε τη γνώμη σας για την αιολική ενέργεια, αναφέρετε πόσο σημαντικοί είναι οι ακόλουθοι παράγοντες: - Ζητήματα που σχετίζονται με το τοπίο (π.χ. οπτικές επιπτώσεις, θόρυβος, τοποθεσία αιολικών πάρκων).","Για να σχηματίσετε τη γνώμη σας για την αιολική ενέργεια, αναφέρετε πόσο σημαντικοί είναι οι ακόλουθοι παράγοντες: - Οικονομικά ζητήματα (π.χ. ευκαιρίες απασχόλησης, κοινοτικά οφέλη, αποζημιώσεις, αξίες ακινήτων, τιμή ηλεκτρικής ενέργειας).","Για να σχηματίσετε τη γνώμη σας για την αιολική ενέργεια, αναφέρετε πόσο σημαντικοί είναι οι ακόλουθοι παράγοντες: - Θέματα υγείας (π.χ. ενόχληση, άγχος).","Για να σχηματίσετε τη γνώμη σας για την αιολική ενέργεια, αναφέρετε πόσο σημαντικοί είναι οι ακόλουθοι παράγοντες: - Θέματα πολιτικής (π.χ. φόροι, λήψη πολιτικών αποφάσεων, ενεργειακή πολιτική).","Για να σχηματίσετε τη γνώμη σας για την αιολική ενέργεια, αναφέρετε πόσο σημαντικοί είναι οι ακόλουθοι παράγοντες: - Άλλα ζητήματα (π.χ. εμπιστοσύνη στις τοπικές αρχές, κατασκευαστές αιολικής ενέργειας, αιολική βιομηχανία, δίκαιη λήψη αποφάσεων).","Για να σχηματίσετε τη γνώμη σας για την αιολική ενέργεια, αναφέρετε πόσο σημαντικοί είναι οι ακόλουθοι παράγοντες: - Τεχνικά ζητήματα (π.χ. μέγεθος ανεμογεννητριών, αριθμός ανεμογεννητριών σε ένα αιολικό πάρκο, σχεδιασμός ανεμογεννητριών, ικανότητα ανακύκλωσης τουρμπινών).","Για να σχηματίσετε τη γνώμη σας για την αιολική ενέργεια, αναφέρετε πόσο σημαντικοί είναι οι ακόλουθοι παράγοντες: - Display Order","Στους επόμενους 12 μήνες, θα ήσασταν διατεθειμένοι να: - Να προσφέρετε εθελοντικά ως υποστηρικτής αιολικής ενέργειας στην τοπική σας κοινότητα (π.χ. 1 ώρα κάθε εβδομάδα);","Στους επόμενους 12 μήνες, θα ήσασταν διατεθειμένοι να: - Να συμμετάσχετε σε μια κοινότητα αιολικής ενέργειας στην περιοχή σας;","Στους επόμενους 12 μήνες, θα ήσασταν διατεθειμένοι να: - Να επενδύσετε σε κοινοτικό αιολικό πάρκο του δήμου σας;","Στους επόμενους 12 μήνες, θα ήσασταν διατεθειμένοι να: - Να συμμετάσχετε σε δράσεις διαμαρτυρίας ή σε πρωτοβουλίες πολιτών ενάντια στο προγραμματισμένο έργο αιολικής ενέργειας στην τοπική σας κοινότητα;","Στους επόμενους 12 μήνες, θα ήσασταν διατεθειμένοι να: - Να συμμετάσχετε σε διαβουλεύσεις πολιτών για ένα αιολικό πάρκο στην τοπική σας κοινότητα;","Στους επόμενους 12 μήνες, θα ήσασταν διατεθειμένοι να: - Display Order","Για εσάς, πόσο αποδεκτά είναι: - Χερσαία (στην ξηρά) αιολικά πάρκα;","Για εσάς, πόσο αποδεκτά είναι: - Υπεράκτια (στη θάλασσα) αιολικά πάρκα;","Για εσάς, πόσο αποδεκτά είναι: - Display Order",Πόσο ακριβή πιστεύετε ότι είναι η παραγωγή ηλεκτρικής ενέργειας από αυτές τις πηγές; - Υπεράκτιος άνεμος,Πόσο ακριβή πιστεύετε ότι είναι η παραγωγή ηλεκτρικής ενέργειας από αυτές τις πηγές; - Άνεμος στην ξηρά,Πόσο ακριβή πιστεύετε ότι είναι η παραγωγή ηλεκτρικής ενέργειας από αυτές τις πηγές; - Ηλιακή,Πόσο ακριβή πιστεύετε ότι είναι η παραγωγή ηλεκτρικής ενέργειας από αυτές τις πηγές; - Φυσικό αέριο,Πόσο ακριβή πιστεύετε ότι είναι η παραγωγή ηλεκτρικής ενέργειας από αυτές τις πηγές; - Άνθρακας,Πόσο ακριβή πιστεύετε ότι είναι η παραγωγή ηλεκτρικής ενέργειας από αυτές τις πηγές; - Υδροηλεκτρική,Πόσο ακριβή πιστεύετε ότι είναι η παραγωγή ηλεκτρικής ενέργειας από αυτές τις πηγές; - Πυρηνική,"Σημειώστε τον βαθμό στον οποίο καθεμία από τις ακόλουθες δηλώσεις σας περιγράφει: - Μου αρέσει να περνάω χρόνο σε εξωτερικούς χώρους σε φυσικά περιβάλλοντα (π.χ. δάση, βουνά, ποτάμια, χωράφια, τοπικά πάρκα, λίμνη ή παραλία ή έναν καταπράσινο κήπο).","Σημειώστε τον βαθμό στον οποίο καθεμία από τις ακόλουθες δηλώσεις σας περιγράφει: - Θεωρώ τον εαυτό μου ως μέρος της φύσης, όχι κάτι ξεχωριστό από αυτήν.","Σημειώστε τον βαθμό στον οποίο καθεμία από τις ακόλουθες δηλώσεις σας περιγράφει: - Αν είχα αρκετούς πόρους όπως χρόνο ή χρήμα, θα ξόδευα μερικούς από αυτούς για να προστατεύσω το φυσικό περιβάλλον.","Σημειώστε τον βαθμό στον οποίο καθεμία από τις ακόλουθες δηλώσεις σας περιγράφει: - Όταν είμαι αναστατωμένος ή αγχωμένος, μπορώ να νιώσω καλύτερα περνώντας λίγο χρόνο σε εξωτερικούς χώρους στη φύση.",Σημειώστε τον βαθμό στον οποίο καθεμία από τις ακόλουθες δηλώσεις σας περιγράφει: - Το να συμπεριφέρομαι υπεύθυνα απέναντι στη φύση—το να ζήσω έναν βιώσιμο τρόπο ζωής—είναι σημαντικό για αυτό που είμαι.,Σημειώστε τον βαθμό στον οποίο καθεμία από τις ακόλουθες δηλώσεις σας περιγράφει: - Η μάθηση για τον φυσικό κόσμο πρέπει να είναι μέρος της ανατροφής του καθενός.,"Σημειώστε τον βαθμό στον οποίο καθεμία από τις ακόλουθες δηλώσεις σας περιγράφει: - Αν μπορούσα να επιλέξω, θα προτιμούσα να ζήσω όπου μπορώ να έχω θέα στο φυσικό περιβάλλον, όπως δέντρα ή χωράφια.",Σημειώστε τον βαθμό στον οποίο καθεμία από τις ακόλουθες δηλώσεις σας περιγράφει: - Ένα σημαντικό κομμάτι της ζωής μου θα έλειπε αν δεν μπορούσα να βγαίνω έξω και να απολαμβάνω τη φύση περιστασιακά.,Σημειώστε τον βαθμό στον οποίο καθεμία από τις ακόλουθες δηλώσεις σας περιγράφει: - Νιώθω ανανεωμένος όταν περνάω χρόνο στη φύση.,Σημειώστε τον βαθμό στον οποίο καθεμία από τις ακόλουθες δηλώσεις σας περιγράφει: - Νιώθω άνετα έξω στη φύση.,"Σημειώστε τον βαθμό στον οποίο καθεμία από τις ακόλουθες δηλώσεις σας περιγράφει: - Μου αρέσει να συναντώ στοιχεία της φύσης, όπως δέντρα ή γρασίδι, ακόμα και όταν βρίσκομαι σε πόλη.",Σημειώστε τον βαθμό στον οποίο καθεμία από τις ακόλουθες δηλώσεις σας περιγράφει: - Display Order,"Στην εικόνα και το κείμενο για την αιολική ενέργεια που σας παρουσιάστηκε νωρίτερα στην έρευνα, ποια οφέλη αναφέρθηκαν;","Στην εικόνα και το κείμενο για την αιολική ενέργεια που σας παρουσιάστηκε νωρίτερα στην έρευνα, ποια οφέλη αναφέρθηκαν; - Display Order",Παρακαλούμε δηλώστε τη γνώμη σας για τις ακόλουθες προτάσεις: - Πολλοί από τους γείτονες και τους φίλους μου χρησιμοποιούν ηλεκτρική ενέργεια που παράγεται από ανανεώσιμες πηγές ενέργειας.,"Παρακαλούμε δηλώστε τη γνώμη σας για τις ακόλουθες προτάσεις: - Η εξοικονόμηση ενέργειας αναμένεται από τους γείτονες, τους φίλους και την οικογένειά μου.",Παρακαλούμε δηλώστε τη γνώμη σας για τις ακόλουθες προτάσεις: - Οι άνθρωποι που με ενδιαφέρουν θα ενέκριναν τη συμμετοχή μου σε τοπικά έργα αιολικής ενέργειας.,Παρακαλούμε δηλώστε τη γνώμη σας για τις ακόλουθες προτάσεις: - Νιώθω πολύ δεμένος με την κοινότητα στην οποία ζω.,Παρακαλούμε δηλώστε τη γνώμη σας για τις ακόλουθες προτάσεις: - Υπάρχουν πολλοί άνθρωποι στην κοινότητά μου τους οποίους θεωρώ καλούς φίλους.,Παρακαλούμε δηλώστε τη γνώμη σας για τις ακόλουθες προτάσεις: - Συχνά μιλώ για την κοινότητά μου ως ένα εξαιρετικό μέρος για να ζήσω.,FL_24 - Block Randomizer - Display Order
"{""ImportId"":""startDate"",""timeZone"":""Europe/Berlin""}","{""ImportId"":""endDate"",""timeZone"":""Europe/Berlin""}","{""ImportId"":""status""}","{""ImportId"":""progress""}","{""ImportId"":""duration""}","{""ImportId"":""finished""}","{""ImportId"":""recordedDate"",""timeZone"":""Europe/Berlin""}","{""ImportId"":""_recordId""}","{""ImportId"":""distributionChannel""}","{""ImportId"":""userLanguage""}","{""ImportId"":""Q_RecaptchaScore""}","{""ImportId"":""Q_RelevantIDDuplicate""}","{""ImportId"":""Q_RelevantIDDuplicateScore""}","{""ImportId"":""Q_RelevantIDFraudScore""}","{""ImportId"":""Q_RelevantIDLastStartDate"",""timeZone"":""UTC""}","{""ImportId"":""QID54""}","{""ImportId"":""QID4_TEXT""}","{""ImportId"":""QID5""}","{""ImportId"":""QID6""}","{""ImportId"":""QID27""}","{""ImportId"":""QID52_6""}","{""ImportId"":""QID52_7""}","{""ImportId"":""QID52_9""}","{""ImportId"":""QID52_10""}","{""ImportId"":""QID29""}","{""ImportId"":""QID30""}","{""ImportId"":""QID39""}","{""ImportId"":""QID42""}","{""ImportId"":""QID41_1""}","{""ImportId"":""QID41_2""}","{""ImportId"":""QID41_3""}","{""ImportId"":""QID41_4""}","{""ImportId"":""QID41_5""}","{""ImportId"":""QID41_6""}","{""ImportId"":""QID40_6""}","{""ImportId"":""QID40_7""}","{""ImportId"":""QID40_8""}","{""ImportId"":""QID40_9""}","{""ImportId"":""QID40_10""}","{""ImportId"":""QID40_DO""}","{""ImportId"":""QID34_1""}","{""ImportId"":""QID34_2""}","{""ImportId"":""QID34_3""}","{""ImportId"":""QID34_4""}","{""ImportId"":""QID34_5""}","{""ImportId"":""QID38_1""}","{""ImportId"":""QID38_2""}","{""ImportId"":""QID38_3""}","{""ImportId"":""QID38_4""}","{""ImportId"":""QID38_5""}","{""ImportId"":""QID38_6""}","{""ImportId"":""QID38_7""}","{""ImportId"":""QID38_8""}","{""ImportId"":""QID38_DO""}","{""ImportId"":""QID35_1""}","{""ImportId"":""QID35_2""}","{""ImportId"":""QID35_3""}","{""ImportId"":""QID35_4""}","{""ImportId"":""QID35_5""}","{""ImportId"":""QID35_DO""}","{""ImportId"":""QID37_1""}","{""ImportId"":""QID37_2""}","{""ImportId"":""QID37_DO""}","{""ImportId"":""QID51_6""}","{""ImportId"":""QID51_12""}","{""ImportId"":""QID51_7""}","{""ImportId"":""QID51_8""}","{""ImportId"":""QID51_9""}","{""ImportId"":""QID51_10""}","{""ImportId"":""QID51_11""}","{""ImportId"":""QID50_1""}","{""ImportId"":""QID50_13""}","{""ImportId"":""QID50_14""}","{""ImportId"":""QID50_4""}","{""ImportId"":""QID50_5""}","{""ImportId"":""QID50_6""}","{""ImportId"":""QID50_7""}","{""ImportId"":""QID50_8""}","{""ImportId"":""QID50_10""}","{""ImportId"":""QID50_11""}","{""ImportId"":""QID50_12""}","{""ImportId"":""QID50_DO""}","{""ImportId"":""QID49""}","{""ImportId"":""QID49_DO""}","{""ImportId"":""QID48_1""}","{""ImportId"":""QID48_2""}","{""ImportId"":""QID48_3""}","{""ImportId"":""QID44_1""}","{""ImportId"":""QID44_2""}","{""ImportId"":""QID44_3""}","{""ImportId"":""FL_24_DO""}"
2024-09-18 11:48:28,2024-09-18 11:51:34,1,100,185,1,2024-09-18 11:51:34,R_2CB0gxlyXHDlUbT,preview,EN,1,true,100,0,2024-09-17 15:53:59,1,23,2,2,2,2,3,3,5,2,2,1,2,2,3,3,2,4,3,4,4,5,3,4,3|5|4|2|1,3,3,2,4,4,5,5,5,4,4,3,5,4,6|2|8|5|3|7|1|4,4,3,3,4,4,1|4|2|3|5,4,3,1|2,4,4,5,3,5,6,2,4,2,5,7,5,4,6,6,4,1,5,10|6|4|1|8|9|7|11|3|5|2,3,4|3|2|1,2,3,5,4,3,2,Condition1_Eco
2024-09-30 13:39:35,2024-09-30 13:48:45,0,100,550,1,2024-09-30 13:48:45,R_ZenR3nYkbbSsG09,anonymous,EN,1,,0,0,,1,38,2,4,1,1,3,3,4,2,2,3,2,2,2,2,1,4,4,2,1,2,4,1,3|4|5|1|2,5,5,5,5,5,7,6,5,6,2,6,5,6,6|2|4|7|1|8|3|5,4,5,5,1,5,4|3|2|1|5,5,4,2|1,6,3,2,6,2,3,4,7,6,6,7,6,7,3,5,7,6,7,7|2|1|11|10|4|5|8|6|9|3,1,2|4|1|3,3,3,4,3,4,2,Condition2_Env
2024-10-22 07:00:10,2024-10-22 07:09:27,0,100,557,1,2024-10-22 07:09:28,R_2f3zFn7lGyJyapX,anonymous,EN,1,,0,35,,1,51,1,7,1,1,4,3,3,1,2,3,2,3,1,1,1,3,5,2,1,1,4,1,4|1|3|2|5,5,5,4,4,3,6,7,6,6,6,7,7,6,1|2|8|4|6|5|7|3,5,5,5,5,5,2|3|1|4|5,5,5,1|2,2,1,1,4,4,1,5,7,7,7,7,7,7,7,7,7,7,7,1|2|6|8|5|7|11|4|9|10|3,1,1|3|2|4,4,3,4,5,5,5,Condition3_Ctrl
2024-10-22 07:16:09,2024-10-22 07:19:47,0,100,217,1,2024-10-22 07:19:47,R_1pW4CoeRGq0PpNb,anonymous,EN,1,true,98,35,2024-10-22 05:00:31,1,51,1,7,1,2,4,4,3,1,2,3,2,3,1,1,2,3,5,2,2,1,4,2,4|5|2|1|3,5,5,4,4,4,6,6,6,6,6,6,6,6,4|7|2|8|1|5|6|3,4,4,4,4,4,4|2|3|1|5,5,5,1|2,2,1,1,5,4,1,5,7,7,7,7,7,7,7,7,7,7,7,4|11|5|7|10|8|2|9|6|3|1,4,4|2|1|3,4,3,4,5,5,5,Condition3_Ctrl
2024-10-22 07:32:49,2024-10-22 07:40:47,0,100,477,1,2024-10-22 07:40:48,R_domgNV8TYLi4qLD,anonymous,EN,0.8999999761581421,,0,0,,1,50,1,5,1,1,3,4,1,1,2,2,1,4,2,2,3,3,4,2,1,1,3,4,4|1|3|2|5,4,4,4,1,2,7,6,7,5,7,7,5,6,1|2|5|4|7|6|8|3,3,5,4,3,5,3|4|1|2|5,3,3,2|1,2,2,1,4,4,1,6,7,7,6,7,7,7,7,7,7,7,7,4|6|1|10|7|5|2|3|11|8|9,1,3|4|2|1,3,4,4,5,5,4,Condition2_Env
2024-10-22 07:34:10,2024-10-22 07:44:37,0,100,626,1,2024-10-22 07:44:37,R_2ALJfh4h9a5siwi,anonymous,EN,1,,0,0,,1,46,1,7,1,1,1,4,4,1,2,3,2,2,1,1,1,5,5,2,1,1,5,1,5|1|2|3|4,5,5,4,4,4,7,7,5,6,1,6,6,7,6|5|7|4|8|2|1|3,5,5,5,1,5,4|1|3|2|5,5,5,1|2,4,3,4,4,1,2,1,7,7,7,7,7,7,7,7,7,7,7,11|9|4|7|10|5|2|1|3|8|6,4,2|4|3|1,5,5,5,5,5,5,Condition1_Eco
2024-10-22 07:52:19,2024-10-22 08:06:30,0,100,851,1,2024-10-22 08:06:31,R_2BqCOu7Ezp9ufJs,anonymous,EN,1,,0,0,,1,51,1,7,1,4,4,3,3,1,1,2,1,3,1,1,3,4,3,1,1,2,3,3,4|3|1|2|5,4,4,4,4,2,6,6,6,5,6,6,5,5,2|7|4|1|5|3|8|6,3,4,4,2,4,2|3|4|1|5,5,5,1|2,2,2,2,4,5,2,2,5,4,5,4,5,6,5,5,5,6,5,10|6|7|1|2|8|5|4|9|11|3,2,4|2|1|3,4,3,4,3,5,4,Condition1_Eco
2024-10-22 08:01:29,2024-10-22 08:12:03,0,100,634,1,2024-10-22 08:12:04,R_2zVb6ODx37sYl96,anonymous,EN,0.699999988079071,,0,0,,1,45,1,4,1,2,2,2,2,1,1,1,2,1,1,1,3,5,5,1,1,1,2,4,1|2|5|4|3,5,5,5,5,3,7,6,5,6,6,6,6,6,1|8|5|3|4|6|7|2,5,5,5,1,5,3|2|4|1|5,5,5,2|1,3,1,2,5,2,4,4,7,7,7,7,7,7,7,7,7,7,7,3|2|11|6|10|5|7|8|1|4|9,4,2|1|3|4,5,5,5,5,5,5,Condition2_Env
2024-10-22 08:06:55,2024-10-22 08:18:04,0,100,668,1,2024-10-22 08:18:05,R_2QDL1kDSpjKhGzj,anonymous,EN,1,,0,0,,1,36,1,4,1,2,3,4,2,1,2,1,2,2,1,1,2,4,5,2,2,2,4,2,3|5|4|1|2,4,4,3,3,3,6,7,6,6,6,6,6,6,7|3|6|8|2|5|4|1,3,5,5,2,3,4|1|2|3|5,4,5,1|2,5,5,4,4,4,5,6,7,4,5,5,6,5,7,6,5,7,7,7|11|1|10|5|8|4|9|6|3|2,4,1|4|3|2,1,1,3,4,4,3,Condition3_Ctrl
2024-10-22 08:08:08,2024-10-22 08:21:50,0,100,821,1,2024-10-22 08:21:50,R_3iUtvbjFsEovIue,anonymous,EN,1,,0,0,,1,68,1,7,4,3,4,4,3,1,2,1,1,4,2,3,3,2,5,2,2,5,3,3,3|4|5|2|1,3,3,2,1,1,6,4,3,5,7,6,4,6,1|7|3|8|6|4|5|2,2,1,2,3,4,1|4|3|2|5,2,4,1|2,1,3,1,3,5,2,3,6,6,5,6,6,6,6,5,5,6,6,9|8|7|2|10|11|1|3|5|4|6,2,3|2|1|4,5,5,3,4,4,3,Condition2_Env
2024-10-22 08:22:56,2024-10-22 08:31:04,0,100,488,1,2024-10-22 08:31:05,R_23WRgElPQFIkhvD,anonymous,EN,0.699999988079071,,0,0,,1,53,1,4,1,2,3,2,2,1,1,1,1,1,1,1,2,4,4,2,1,1,5,1,4|3|2|5|1,5,5,5,5,5,6,7,3,6,7,6,6,6,8|1|7|4|5|3|2|6,5,5,5,1,5,4|3|2|1|5,5,5,2|1,2,2,1,3,5,2,5,7,7,7,7,7,7,7,7,7,7,7,3|10|1|9|11|7|4|6|8|5|2,1,1|4|3|2,5,5,5,4,4,3,Condition1_Eco
2024-10-22 08:20:25,2024-10-22 08:35:32,0,100,906,1,2024-10-22 08:35:33,R_1jCkQ16BPLm0294,anonymous,EN,1,,0,0,,1,44,1,7,1,4,3,4,2,1,1,1,1,3,1,1,2,4,3,2,2,2,3,1,1|4|2|3|5,4,3,3,1,1,7,6,7,6,5,6,6,6,8|4|7|3|1|6|2|5,1,3,3,2,3,4|1|2|3|5,4,4,2|1,2,2,1,3,5,2,5,6,5,5,5,6,7,5,4,6,6,7,7|8|5|10|9|1|6|11|3|2|4,4,1|4|2|3,1,1,3,3,3,3,Condition3_Ctrl
2024-10-22 08:25:04,2024-10-22 08:39:25,0,100,861,1,2024-10-22 08:39:26,R_3NJSI5BnEI51tfw,anonymous,EN,1,,0,0,,1,50,1,7,1,4,4,4,4,1,2,1,1,2,1,1,1,4,5,1,2,4,4,2,1|2|4|5|3,5,5,4,3,2,4,5,7,5,4,4,4,4,1|6|8|7|4|5|2|3,1,4,4,1,1,3|1|4|2|5,3,5,1|2,2,1,1,2,1,1,1,7,4,7,5,6,6,7,6,6,6,7,6|10|1|8|4|7|11|5|3|2|9,1,2|3|4|1,3,4,4,2,4,3,Condition2_Env
2024-10-22 09:15:21,2024-10-22 09:27:50,0,100,749,1,2024-10-22 09:27:50,R_1jpPu2fjpli3E5R,anonymous,EN,1,,0,0,,1,44,1,5,1,3,4,4,3,1,1,3,2,4,1,1,2,4,5,2,1,1,1,1,5|2|4|3|1,5,4,3,2,1,6,6,7,6,6,6,2,7,7|4|1|5|6|8|3|2,4,5,5,4,4,2|1|3|4|5,3,3,1|2,6,6,6,6,6,6,6,7,7,7,7,7,7,7,7,7,7,7,1|9|6|5|2|8|10|3|7|4|11,4,4|3|2|1,5,5,4,4,4,3,Condition3_Ctrl
2024-10-22 09:24:12,2024-10-22 09:32:37,0,100,505,1,2024-10-22 09:32:38,R_2wHPvghRDPtOYwx,anonymous,EN,1,,0,0,,1,62,1,7,1,2,2,3,3,1,2,3,2,2,1,1,1,5,5,3,2,2,4,3,4|2|1|5|3,5,5,5,5,5,6,5,6,6,6,6,6,5,8|2|5|6|4|3|7|1,4,4,4,1,4,3|1|2|4|5,5,5,2|1,2,2,2,5,3,1,5,7,6,6,7,6,6,7,6,6,4,6,3|11|2|9|10|1|7|5|6|8|4,2,4|2|3|1,4,4,5,4,4,4,Condition1_Eco
2024-10-22 09:47:33,2024-10-22 09:58:06,0,100,632,1,2024-10-22 09:58:07,R_2EuFM1p3NRfxkp7,anonymous,EN,1,,0,5,,1,56,2,4,1,2,4,4,2,1,2,2,1,2,3,1,3,4,4,2,1,1,5,4,2|1|3|4|5,4,4,4,2,2,7,7,7,7,7,6,6,7,7|6|2|5|3|1|4|8,4,4,4,1,4,2|4|3|1|5,4,4,1|2,2,2,2,3,4,3,3,6,6,7,6,7,6,4,6,6,6,6,4|10|7|2|6|11|9|8|5|3|1,4,2|3|4|1,4,4,4,4,5,4,Condition3_Ctrl
2024-10-22 09:39:05,2024-10-22 10:08:56,0,100,1790,1,2024-10-22 10:08:57,R_1P6QNc5mPMsNCEJ,anonymous,EN,1,,0,5,,1,46,1,7,1,4,4,4,4,1,2,1,2,2,1,1,1,4,4,2,1,1,5,1,1|5|3|2|4,4,4,4,4,4,7,7,6,6,5,6,6,6,1|2|5|6|8|4|7|3,4,5,5,1,4,1|4|2|3|5,5,5,2|1,1,1,2,4,4,2,5,7,7,7,7,7,7,7,7,7,7,7,7|11|5|9|6|8|10|4|2|3|1,1,2|4|1|3,2,2,5,3,3,3,Condition2_Env
2024-10-22 10:15:15,2024-10-22 10:31:56,0,100,1000,1,2024-10-22 10:31:56,R_sRTYFjAW4ZMYFe9,anonymous,EN,1,,0,0,,1,50,1,7,1,2,3,2,2,2,2,2,2,2,1,2,1,4,4,4,2,2,5,1,1|4|2|3|5,4,4,4,3,2,6,6,6,6,2,7,7,4,5|4|3|7|1|2|8|6,5,5,5,4,5,3|2|4|1|5,5,5,1|2,3,2,2,3,5,1,4,7,7,7,6,7,5,5,6,6,4,6,2|5|10|6|9|4|8|7|3|1|11,2,4|2|3|1,4,2,4,2,5,4,Condition1_Eco
2024-10-22 10:33:29,2024-10-22 10:40:36,0,100,427,1,2024-10-22 10:40:37,R_1FtD4ZvQVlX2Ygz,anonymous,EN,1,,0,50,,1,58,1,3,1,2,1,2,4,1,2,1,1,4,3,1,2,2,2,2,1,1,5,3,5|2|1|3|4,3,3,2,1,1,7,6,6,5,7,7,6,7,5|2|7|4|3|8|6|1,3,3,3,3,5,2|1|3|4|5,4,4,2|1,1,1,1,3,3,3,4,7,7,7,7,7,7,7,7,7,7,7,9|8|3|4|6|2|1|7|5|10|11,1,4|1|2|3,5,5,5,5,5,5,Condition2_Env
2024-10-22 10:59:53,2024-10-22 11:06:11,0,100,378,1,2024-10-22 11:06:12,R_1ieSqqIhX5FZmSs,anonymous,EN,1,,0,0,,1,30,1,7,5,2,4,1,2,1,2,1,1,4,3,4,2,3,3,2,1,1,4,1,3|2|1|5|4,4,4,4,4,4,7,7,5,7,5,6,6,6,8|1|4|6|3|2|7|5,3,4,3,4,5,4|2|1|3|5,2,3,2|1,4,4,3,2,2,6,6,6,6,7,6,7,7,6,6,7,6,7,4|9|8|1|11|2|6|10|5|7|3,4,3|1|2|4,4,4,4,5,4,4,Condition3_Ctrl
2024-10-22 15:34:26,2024-10-22 15:54:10,0,100,1184,1,2024-10-22 15:54:10,R_2y3IaVtZXZ8KXNB,anonymous,EN,1,,0,0,,1,38,2,7,2,2,4,3,3,2,2,1,2,4,3,3,3,5,4,1,1,1,5,1,1|4|2|3|5,4,4,4,2,2,6,7,3,5,6,3,6,6,4|7|6|2|8|3|5|1,3,4,4,2,4,4|1|3|2|5,4,4,1|2,3,1,2,3,4,2,5,7,7,7,7,7,7,7,7,7,7,7,11|4|2|1|8|9|10|7|6|3|5,2,2|4|3|1,3,3,4,4,4,4,Condition1_Eco
2024-10-22 17:29:27,2024-10-22 17:37:55,0,100,508,1,2024-10-22 17:37:56,R_1CazlGcNo9H9vrb,anonymous,EN,0.8999999761581421,,0,0,,1,48,2,3,1,3,4,4,3,1,1,1,1,3,2,2,3,4,3,1,1,1,5,1,2|3|1|4|5,5,5,5,4,2,6,7,6,6,7,6,7,6,2|7|1|4|6|3|8|5,3,3,3,4,4,1|2|3|4|5,4,4,2|1,3,3,2,6,6,6,3,7,7,7,7,7,7,7,7,7,7,7,3|1|4|5|11|10|8|2|6|9|7,1,4|3|2|1,2,3,5,4,4,4,Condition2_Env
2024-10-22 18:55:04,2024-10-22 19:08:34,0,100,809,1,2024-10-22 19:08:35,R_1HeNfBIXEyIev5P,anonymous,EN,1,,0,0,,1,43,1,7,1,3,1,1,2,1,2,2,2,2,2,1,2,3,3,2,2,1,4,3,1|4|5|2|3,3,3,3,3,2,4,4,6,2,3,4,3,6,5|8|3|2|1|6|7|4,4,5,5,2,4,4|3|2|1|5,3,3,2|1,6,6,2,6,6,6,6,7,7,7,7,7,7,7,7,7,7,7,5|2|9|3|10|8|11|7|1|4|6,2,3|4|1|2,4,4,4,5,5,5,Condition3_Ctrl
2024-10-22 19:35:15,2024-10-22 19:40:25,0,100,309,1,2024-10-22 19:40:26,R_2PvPcFYN5S4JPsi,anonymous,EN,0.6000000238418579,,0,0,,1,45,1,4,1,2,2,2,2,1,1,1,2,2,2,1,2,5,4,2,5,1,5,2,3|4|2|5|1,5,5,5,5,2,7,7,5,6,5,6,6,6,2|3|7|6|8|5|1|4,5,5,5,5,5,2|4|1|3|5,5,5,2|1,5,3,2,4,4,4,4,7,7,7,7,7,7,7,7,7,7,7,11|6|7|10|8|4|9|3|5|2|1,1,2|1|4|3,5,5,5,5,5,5,Condition2_Env
2024-10-22 21:46:00,2024-10-22 22:09:18,0,100,1398,1,2024-10-22 22:09:19,R_d5nllnfyDja1y4p,anonymous,EN,1,,0,0,,1,57,1,3,1,4,4,2,2,1,2,1,1,4,2,2,3,4,5,2,2,2,2,4,1|4|3|2|5,4,4,4,3,2,7,7,7,7,7,7,7,7,8|3|7|6|4|2|1|5,3,4,4,4,4,1|4|2|3|5,3,5,2|1,2,3,1,2,5,4,2,6,6,7,7,7,6,7,7,7,7,7,4|3|8|9|7|2|11|6|1|10|5,1,4|3|1|2,4,4,2,4,4,4,Condition1_Eco
2024-10-23 16:03:17,2024-10-23 16:08:06,0,100,288,1,2024-10-23 16:08:07,R_wXf6AV56SSheDvj,anonymous,EN,0.8999999761581421,,0,0,,1,50,1,5,1,4,2,4,1,1,2,1,1,3,2,2,2,4,3,2,2,2,4,2,3|1|2|5|4,4,4,4,4,4,5,6,5,6,5,4,6,5,4|7|2|1|6|8|3|5,3,2,3,3,2,1|3|4|2|5,5,5,2|1,6,6,2,5,2,2,1,5,5,4,4,4,5,5,5,4,5,5,5|9|3|6|11|7|4|2|10|1|8,4,3|2|1|4,3,3,4,3,3,3,Condition3_Ctrl
2024-10-23 16:03:14,2024-10-23 16:13:20,0,100,605,1,2024-10-23 16:13:21,R_2zcKURh2Ver7Y9S,anonymous,EN,1,,0,0,,1,53,1,7,1,1,1,3,1,1,2,1,1,4,4,5,3,3,3,1,1,1,4,2,4|3|1|2|5,4,4,1,1,1,6,6,6,6,6,6,6,6,7|8|2|5|6|3|4|1,1,4,4,4,4,2|1|3|4|5,4,4,1|2,3,3,3,3,2,2,2,7,7,7,7,7,7,7,7,7,7,7,2|9|1|4|6|5|10|3|11|8|7,4,4|1|3|2,1,4,4,4,4,4,Condition3_Ctrl
2024-10-23 16:11:35,2024-10-23 16:16:38,0,100,302,1,2024-10-23 16:16:39,R_2ePERW7VHG9xpwJ,anonymous,EN,1,,0,0,,1,47,1,5,1,2,4,1,1,1,2,1,2,3,3,4,3,3,2,1,1,1,5,1,2|3|1|5|4,4,4,4,4,4,6,6,6,6,6,7,6,6,2|1|5|8|3|6|4|7,4,5,5,3,4,2|1|3|4|5,4,4,1|2,5,5,2,5,3,3,1,7,6,7,6,6,7,6,6,6,5,6,3|1|6|4|8|2|9|11|10|7|5,2,2|3|4|1,3,4,4,4,4,4,Condition1_Eco
2024-10-23 16:11:16,2024-10-23 16:21:22,0,100,606,1,2024-10-23 16:21:23,R_22mNQ8PWknYcDlH,anonymous,EN,1,,0,0,,1,54,1,6,1,2,2,3,3,1,2,1,2,4,2,4,2,3,4,1,1,1,5,1,5|3|2|1|4,4,4,3,3,3,6,7,7,6,7,6,6,2,7|3|8|5|4|2|6|1,2,2,2,2,3,4|3|1|2|5,4,4,1|2,6,6,6,3,2,2,1,7,7,6,7,6,7,7,7,7,7,7,11|2|7|6|4|9|1|3|5|8|10,4,3|4|2|1,5,5,5,4,4,5,Condition2_Env
2024-10-23 16:14:03,2024-10-23 16:23:46,0,100,582,1,2024-10-23 16:23:47,R_1mszlLdBstwsya6,anonymous,EN,1,,0,0,,1,52,1,5,1,4,4,4,2,1,2,3,3,1,1,1,1,2,5,1,2,2,2,4,4|3|1|2|5,5,5,5,5,5,5,3,3,6,3,6,6,3,8|2|4|7|6|5|3|1,2,5,5,1,4,2|4|3|1|5,5,5,2|1,2,3,2,2,4,2,1,5,7,3,4,5,7,4,5,5,5,5,9|3|5|7|8|10|11|4|1|2|6,2,3|2|1|4,4,4,4,3,3,3,Condition3_Ctrl
2024-10-23 16:17:54,2024-10-23 16:26:04,0,100,490,1,2024-10-23 16:26:05,R_W09bRlNo6sbGp3j,anonymous,EN,1,,0,0,,1,38,1,7,1,2,2,1,1,2,2,3,1,3,4,2,1,1,4,2,2,2,4,5,2|1|5|4|3,4,4,4,4,4,5,5,5,7,3,7,7,7,8|3|2|4|6|1|5|7,1,4,4,2,3,4|2|1|3|5,3,5,2|1,5,4,5,3,1,1,1,7,4,7,7,7,7,7,7,7,7,7,9|11|6|4|2|7|8|1|10|3|5,1,3|2|4|1,4,4,2,2,1,2,Condition1_Eco
2024-10-23 16:16:48,2024-10-23 16:26:29,0,100,580,1,2024-10-23 16:26:30,R_1IDSBFBWuPyBlzZ,anonymous,EN,0.699999988079071,,0,0,,1,60,1,7,1,1,1,3,3,1,2,1,1,3,3,2,3,3,4,2,1,1,4,1,1|3|5|2|4,3,2,2,2,2,6,6,6,6,6,4,6,6,6|2|3|7|4|5|8|1,1,3,4,3,4,2|1|3|4|5,2,3,1|2,2,2,1,5,4,3,1,6,7,5,5,6,7,6,7,6,7,6,7|3|4|9|1|6|8|2|5|10|11,4,4|1|3|2,3,2,2,3,4,3,Condition2_Env
2024-10-23 16:30:26,2024-10-23 16:37:47,0,100,441,1,2024-10-23 16:37:48,R_1mEs7K5ofXbMVOv,anonymous,EN,,,0,0,,1,56,1,5,1,3,3,5,3,1,1,1,2,3,4,2,4,3,5,2,2,1,3,4,2|5|1|3|4,4,4,4,2,1,6,6,7,6,7,5,6,7,5|7|1|3|2|8|4|6,2,4,5,2,4,4|1|2|3|5,5,1,1|2,6,3,3,4,4,4,5,7,7,6,7,7,7,6,6,7,7,7,7|6|9|2|4|8|11|1|10|3|5,2,2|3|4|1,2,4,4,3,4,4,Condition2_Env
2024-10-23 16:21:51,2024-10-23 16:37:48,0,100,957,1,2024-10-23 16:37:49,R_1E56MqN9jHBNi1e,anonymous,EN,1,,0,0,,1,73,1,4,4,2,5,5,5,1,1,1,1,1,1,1,1,5,5,1,2,1,4,4,4|3|5|2|1,5,5,5,5,5,7,7,3,7,4,4,6,7,7|6|4|3|5|8|1|2,4,5,5,1,2,2|1|3|4|5,5,5,1|2,1,1,1,5,4,1,1,7,7,7,7,7,7,7,7,7,7,7,8|2|11|6|3|5|9|7|1|4|10,1,4|1|3|2,5,5,5,5,5,5,Condition1_Eco
2024-10-23 16:28:25,2024-10-23 16:41:58,0,100,813,1,2024-10-23 16:41:59,R_3GcYH8RtLgfMH35,anonymous,EN,1,,0,0,,1,63,2,5,4,1,2,1,1,1,2,1,1,4,4,4,4,2,5,4,1,1,5,1,4|5|1|3|2,5,4,1,1,1,6,7,5,7,6,7,7,7,6|4|5|2|7|1|8|3,2,2,4,5,5,4|1|2|3|5,2,4,1|2,4,2,1,4,4,2,5,7,7,7,7,7,7,7,7,7,7,7,11|10|3|1|9|2|4|5|6|7|8,1,1|3|4|2,4,4,1,2,2,2,Condition3_Ctrl
2024-10-23 16:11:21,2024-10-23 16:50:39,0,100,2357,1,2024-10-23 16:50:40,R_1pyxK85RHJ5593X,anonymous,EN,1,,0,0,,1,73,1,3,4,4,4,4,3,1,1,1,2,2,2,2,1,3,4,1,1,1,5,2,2|3|4|5|1,5,5,5,1,1,5,3,6,7,4,7,6,6,8|5|7|4|6|3|1|2,3,4,4,2,4,1|3|2|4|5,4,5,2|1,2,3,3,2,2,1,1,7,7,4,7,7,7,4,7,7,7,7,5|8|7|2|10|1|9|4|11|6|3,1,4|3|2|1,5,5,5,4,4,4,Condition3_Ctrl
2024-10-23 16:49:07,2024-10-23 16:59:45,0,100,638,1,2024-10-23 16:59:46,R_1IfNExSoZ0YNUtf,anonymous,EN,1,,0,0,,1,52,1,7,1,2,2,2,2,1,2,1,1,4,2,2,3,3,5,2,1,1,5,1,1|4|2|5|3,5,4,3,1,1,7,7,6,3,2,2,5,5,5|2|4|8|7|3|1|6,3,3,3,4,4,2|3|1|4|5,4,4,2|1,3,3,3,4,4,2,4,7,7,7,7,7,7,7,7,7,7,7,11|2|1|4|5|3|6|7|9|8|10,1,2|1|3|4,3,5,3,2,2,3,Condition2_Env
2024-10-23 16:48:13,2024-10-23 17:04:34,0,100,981,1,2024-10-23 17:04:35,R_2bId2Fl60vvngV7,anonymous,EN,1,,0,0,,1,67,1,9,4,1,3,4,1,1,1,1,3,5,5,2,5,2,4,4,5,1,5,5,4|5|2|3|1,3,2,1,1,1,7,1,7,2,7,1,2,7,7|2|1|8|3|5|4|6,1,1,1,5,5,2|1|3|4|5,1,1,2|1,5,4,1,2,3,2,6,7,7,7,7,7,7,7,7,7,7,7,6|9|11|2|10|4|5|8|3|7|1,2,3|1|2|4,4,3,5,5,5,5,Condition1_Eco
2024-10-23 17:00:03,2024-10-23 17:14:12,0,100,849,1,2024-10-23 17:14:13,R_2OHGmW8QfXfKvr3,anonymous,EN,0.8999999761581421,,0,0,,1,46,1,8,1,4,2,3,3,1,2,1,2,2,1,1,1,4,5,1,1,1,4,2,2|3|4|5|1,5,5,5,5,5,2,7,2,7,1,1,7,1,4|2|7|3|1|5|6|8,4,5,5,1,4,2|4|3|1|5,5,5,1|2,1,1,1,3,5,2,1,7,7,7,7,7,7,7,7,7,7,7,4|5|6|8|10|1|2|3|9|11|7,4,3|1|4|2,2,3,3,3,4,3,Condition1_Eco
2024-10-23 17:05:50,2024-10-23 17:18:12,0,100,741,1,2024-10-23 17:18:12,R_24OsVSrrsOH5Aho,anonymous,EN,0.8999999761581421,,0,0,,1,32,1,4,1,1,4,1,1,1,2,2,2,4,4,3,5,3,4,1,3,3,2,5,1|5|3|2|4,2,1,1,1,1,7,4,7,3,7,4,7,7,3|1|7|4|6|5|8|2,3,3,3,5,3,3|2|4|1|5,1,1,2|1,6,3,1,2,2,2,1,7,7,7,7,7,7,7,7,7,7,7,5|1|2|4|8|9|3|10|11|6|7,4,3|4|2|1,4,5,4,5,5,5,Condition3_Ctrl
2024-10-23 17:11:50,2024-10-23 17:26:14,0,100,863,1,2024-10-23 17:26:14,R_2vkKpP5glpBW2WR,anonymous,EN,1,,0,0,,1,60,1,2,1,1,4,1,1,2,2,1,1,1,2,4,4,1,3,4,2,1,5,4,2|3|4|1|5,1,1,1,1,1,6,6,6,6,6,6,6,6,6|7|3|5|4|1|8|2,1,1,1,5,5,1|3|2|4|5,1,1,2|1,1,1,2,5,1,1,3,7,7,7,7,7,7,7,7,7,7,7,7|1|4|3|8|11|5|6|2|10|9,2,4|1|3|2,4,4,3,4,5,4,Condition2_Env
2024-10-23 17:27:53,2024-10-23 17:35:13,0,100,439,1,2024-10-23 17:35:14,R_1eWQTKMpDyihB6V,anonymous,EN,1,,0,0,,1,48,1,7,1,2,3,4,2,2,2,2,2,1,2,3,1,3,4,4,1,2,4,4,1|3|4|5|2,4,4,4,3,2,6,6,6,5,3,6,5,5,8|2|6|1|3|7|5|4,5,5,5,2,3,3|2|1|4|5,4,4,2|1,4,3,2,5,1,1,2,6,4,6,7,6,7,7,6,7,6,7,3|1|6|7|5|4|2|8|10|11|9,2,4|2|3|1,4,2,4,3,3,4,Condition1_Eco
2024-10-23 17:47:06,2024-10-23 17:55:38,0,100,511,1,2024-10-23 17:55:38,R_2U3i7MwQrwdUNSE,anonymous,EN,1,,0,0,,1,45,1,1,1,2,2,3,1,2,2,1,2,3,5,5,5,5,5,2,1,1,4,4,1|3|2|5|4,4,4,4,4,4,7,7,5,7,6,7,7,6,8|4|1|7|6|2|5|3,1,5,5,3,5,3|1|4|2|5,5,5,2|1,2,2,2,5,5,4,6,6,6,6,6,6,6,6,6,6,6,6,7|4|5|9|6|8|1|3|11|10|2,1,3|2|4|1,5,3,5,4,5,5,Condition1_Eco
2024-10-23 17:39:35,2024-10-23 18:02:07,0,100,1351,1,2024-10-23 18:02:07,R_2wTt2zAaFtVvYwy,anonymous,EN,0.10000000149011612,,0,0,,1,40,1,2,1,4,1,3,4,1,1,1,3,4,1,2,2,4,4,2,2,1,2,4,3|5|2|4|1,4,4,4,4,2,7,6,6,6,6,6,7,6,7|3|6|5|2|8|4|1,4,5,5,4,4,2|1|3|4|5,4,5,2|1,2,2,1,4,5,6,6,7,7,4,7,7,7,7,7,7,7,7,2|1|11|10|9|7|3|4|8|6|5,4,3|1|4|2,5,4,5,3,5,5,Condition3_Ctrl
2024-10-23 17:52:14,2024-10-23 18:06:44,0,100,869,1,2024-10-23 18:06:44,R_1go5jVsfpNbnL7t,anonymous,EN,1,,0,0,,1,70,1,6,4,3,4,4,5,1,2,1,1,2,1,2,3,3,4,4,2,1,4,2,4|1|3|2|5,5,4,2,2,1,6,6,6,5,6,6,4,6,2|3|1|5|8|7|4|6,3,2,2,3,3,1|4|2|3|5,2,4,2|1,3,3,1,1,3,3,6,7,7,7,7,7,7,7,7,7,7,7,6|4|2|8|3|5|11|10|7|9|1,2,3|4|1|2,3,4,3,4,3,4,Condition2_Env
2024-10-23 17:29:56,2024-10-23 18:09:15,0,100,2358,1,2024-10-23 18:09:15,R_1H2df4FBGVA0YYM,anonymous,EN,0.8999999761581421,,0,0,,1,66,1,5,4,3,3,4,2,1,1,1,1,2,2,2,2,2,4,2,1,2,3,2,2|5|4|1|3,4,4,4,4,4,5,5,5,4,4,5,5,5,5|4|2|1|8|6|3|7,4,5,5,3,3,2|3|1|4|5,4,4,1|2,3,3,3,3,4,3,6,5,5,5,5,5,6,5,5,6,4,5,9|3|10|6|11|5|1|7|2|8|4,1,2|1|3|4,3,3,3,3,3,3,Condition3_Ctrl
2024-10-23 18:01:44,2024-10-23 18:10:30,0,100,525,1,2024-10-23 18:10:30,R_2b1qoAEPbVfoPK4,anonymous,EN,1,,0,0,,1,40,1,2,1,4,4,4,1,1,2,1,1,4,4,3,4,1,4,2,2,1,4,5,5|2|4|1|3,4,4,4,1,1,7,7,7,7,7,7,7,7,1|3|8|6|2|7|5|4,2,4,4,3,3,1|3|4|2|5,4,4,1|2,5,5,3,3,3,3,3,7,7,7,7,7,7,7,7,7,7,7,1|2|8|9|11|5|7|6|3|10|4,3,1|3|2|4,4,4,3,4,4,4,Condition1_Eco
2024-10-23 18:03:41,2024-10-23 18:17:03,0,100,801,1,2024-10-23 18:17:03,R_1LLFwqzl6D0GdGk,anonymous,EN,1,,0,0,,1,73,1,7,4,4,3,4,3,1,2,1,2,1,2,1,1,4,5,1,1,1,1,1,1|3|2|5|4,5,5,5,5,5,2,6,2,6,4,4,6,5,4|7|5|1|3|6|8|2,3,4,4,1,4,3|4|1|2|5,5,5,2|1,3,3,4,5,1,1,3,7,7,7,6,7,7,7,7,6,7,7,5|6|7|8|11|3|10|1|4|2|9,4,1|2|3|4,5,5,4,4,4,4,Condition2_Env
2024-10-23 17:59:31,2024-10-23 18:20:54,0,100,1283,1,2024-10-23 18:20:55,R_0lGbAnitKosopOh,anonymous,EN,1,,0,0,,1,66,1,5,1,4,3,2,2,1,2,2,1,4,1,1,3,3,4,2,1,1,4,4,3|1|4|5|2,4,4,4,1,1,7,7,7,6,7,7,7,7,3|8|2|7|5|1|4|6,1,4,5,4,4,3|4|1|2|5,5,5,1|2,6,6,1,4,2,1,1,7,7,7,7,7,7,7,7,7,7,7,5|1|7|8|3|2|9|10|11|6|4,4,2|3|1|4,3,4,4,4,4,4,Condition3_Ctrl
2024-10-23 18:17:14,2024-10-23 18:23:08,0,100,354,1,2024-10-23 18:23:09,R_3MRJubRfqWEjENm,anonymous,EN,1,,0,0,,1,56,1,7,1,1,2,1,1,1,2,1,2,1,1,1,1,5,5,2,2,4,4,4,4|1|3|5|2,5,5,4,4,4,6,6,5,6,7,5,5,4,3|1|8|2|4|7|6|5,4,4,4,4,4,1|3|2|4|5,5,4,1|2,2,1,1,3,5,2,2,7,7,6,6,6,6,7,6,7,7,6,3|6|9|5|11|2|8|4|7|1|10,1,2|3|1|4,4,3,4,3,4,4,Condition1_Eco
2024-10-23 18:25:37,2024-10-23 18:35:42,0,100,605,1,2024-10-23 18:35:43,R_1IcnFfkk2DVXc0U,anonymous,EN,1,,0,0,,1,50,1,2,1,2,3,3,1,1,1,1,1,3,1,1,1,3,5,1,1,2,4,4,3|1|4|2|5,3,3,3,3,1,6,6,6,5,4,5,4,5,5|8|2|7|4|6|3|1,1,5,5,3,3,2|3|4|1|5,4,4,1|2,3,3,1,5,5,3,3,6,7,7,6,6,7,7,6,7,6,7,10|7|6|11|3|8|9|1|4|2|5,1,4|3|1|2,4,3,3,4,4,4,Condition2_Env
2024-10-23 18:36:33,2024-10-23 18:55:19,0,100,1126,1,2024-10-23 18:55:20,R_1OOEzMbF0EQD8Pg,anonymous,EN,1,,0,0,,1,61,1,2,4,2,5,4,1,1,1,1,1,3,1,1,1,4,5,1,2,1,4,4,3|1|4|5|2,4,4,4,2,2,7,7,7,7,7,7,7,7,6|3|1|5|2|7|8|4,4,4,4,4,4,3|1|2|4|5,4,2,2|1,1,1,1,5,3,2,1,7,7,7,7,7,7,7,7,7,7,7,1|11|8|2|5|10|6|3|4|9|7,1,4|3|1|2,3,4,5,5,5,5,Condition3_Ctrl
2024-10-23 18:49:21,2024-10-23 19:01:50,0,100,749,1,2024-10-23 19:01:50,R_3EXoYTeBLpcZEcD,anonymous,EN,0.5,,0,0,,1,46,1,1,1,2,5,5,5,1,1,1,3,4,2,2,2,4,4,1,5,5,1,5,1|4|2|5|3,1,1,1,1,1,7,1,7,7,7,7,1,7,4|6|1|3|2|8|5|7,1,1,1,5,3,4|3|1|2|5,1,1,2|1,1,1,1,1,1,1,1,1,1,1,1,1,1,1,1,1,1,1,9|5|7|2|11|4|6|3|1|8|10,3,3|1|2|4,1,1,1,1,1,1,Condition2_Env
2024-10-23 18:44:25,2024-10-23 19:04:39,0,100,1214,1,2024-10-23 19:04:41,R_1F4CYIUYPkmEXgg,anonymous,EN,1,,0,0,,1,61,1,7,1,4,3,4,4,1,1,1,2,1,1,1,1,5,5,3,1,1,2,2,2|5|1|3|4,5,5,5,5,5,7,7,7,7,7,7,7,7,6|2|1|7|8|5|3|4,5,5,5,1,4,2|3|1|4|5,5,5,1|2,6,6,2,3,2,4,5,7,7,7,7,7,7,7,7,7,7,7,1|2|4|6|7|9|10|5|3|8|11,1,1|2|4|3,1,5,5,5,4,5,Condition1_Eco
2024-10-23 18:49:26,2024-10-23 19:13:32,0,100,1446,1,2024-10-23 19:13:33,R_bQtl5DgcA1LPZux,anonymous,EN,0.30000001192092896,,0,0,,1,63,1,5,1,1,2,3,1,1,2,1,2,1,1,2,2,4,5,1,1,2,4,4,1|5|3|2|4,4,4,4,2,2,2,7,2,5,2,6,6,6,4|5|2|7|8|6|3|1,2,5,2,2,4,2|3|4|1|5,5,3,1|2,2,2,1,2,3,1,1,7,7,7,7,7,7,7,7,7,7,7,5|2|11|7|9|10|6|8|3|1|4,4,4|1|3|2,5,5,4,3,4,4,Condition1_Eco
2024-10-23 18:29:13,2024-10-23 19:15:36,0,100,2783,1,2024-10-23 19:15:37,R_2zkAdzuqHnTJcl5,anonymous,EN,1,,0,0,,1,38,1,2,1,1,1,1,2,2,1,1,1,5,5,3,3,1,1,4,1,1,5,2,1|3|2|5|4,1,1,1,1,1,7,7,6,6,7,6,6,7,2|4|3|8|5|7|1|6,1,1,1,4,5,4|1|2|3|5,1,4,1|2,3,3,1,4,5,2,6,7,7,7,7,7,7,7,7,7,7,7,7|4|11|2|6|1|3|10|8|9|5,2,3|2|4|1,4,4,2,5,5,5,Condition2_Env
2024-10-23 19:24:53,2024-10-23 19:42:57,0,100,1084,1,2024-10-23 19:42:58,R_25L4g8Qlj4kkpnM,anonymous,EN,0.8999999761581421,,0,0,,1,68,1,5,4,1,2,1,1,1,2,1,1,5,5,5,5,1,5,2,2,1,5,5,3|4|1|5|2,4,1,1,1,1,7,7,7,3,6,7,7,7,1|2|5|4|7|8|6|3,1,1,1,5,1,3|2|4|1|5,1,1,1|2,6,6,6,3,3,1,6,7,7,7,7,7,7,7,7,7,7,7,7|1|4|2|6|9|8|10|5|3|11,2,2|3|1|4,3,4,1,5,5,4,Condition1_Eco
2024-10-23 19:34:37,2024-10-23 19:47:34,0,100,776,1,2024-10-23 19:47:34,R_3qL2Cjvr1Op2QIT,anonymous,EN,1,,0,0,,1,57,1,7,1,3,3,2,2,1,2,1,1,3,3,4,1,3,2,4,1,1,5,1,1|2|4|3|5,4,3,3,3,3,7,5,7,4,5,6,7,7,3|6|4|2|8|1|5|7,2,3,2,3,5,1|3|2|4|5,3,4,2|1,4,4,3,5,3,2,2,7,7,7,7,7,7,7,6,7,7,7,7|6|2|8|10|1|3|9|11|5|4,4,4|2|3|1,3,2,2,4,4,3,Condition3_Ctrl
2024-10-23 19:44:31,2024-10-23 19:51:11,0,100,400,1,2024-10-23 19:51:11,R_2V4PhHvopGEFPjO,anonymous,EN,1,,0,0,,1,35,1,5,1,1,4,1,1,1,2,3,2,2,2,3,2,4,4,3,1,1,5,2,2|5|3|4|1,4,5,5,4,2,6,7,6,6,6,6,7,7,7|8|3|2|4|1|5|6,4,5,4,3,5,3|2|4|1|5,5,5,1|2,1,1,1,4,5,2,1,7,7,7,6,7,7,7,6,7,7,7,11|1|10|3|6|8|9|7|4|2|5,4,4|3|1|2,2,3,4,4,5,4,Condition3_Ctrl
2024-10-23 19:46:04,2024-10-23 19:57:49,0,100,705,1,2024-10-23 19:57:50,R_2Tw6tDKC2sKO4Vm,anonymous,EN,0.699999988079071,,0,0,,1,41,1,5,1,1,2,2,1,1,2,1,1,4,2,1,3,3,2,3,1,1,5,2,4|3|1|5|2,5,4,4,4,2,6,6,6,4,5,4,6,5,6|4|7|2|3|5|8|1,4,5,4,5,5,3|1|4|2|5,4,3,1|2,4,3,3,5,5,6,6,7,6,7,6,7,7,7,7,7,6,7,2|6|3|5|7|1|10|4|11|8|9,4,1|3|4|2,3,1,4,3,5,3,Condition2_Env
2024-10-23 19:25:02,2024-10-23 20:04:13,0,100,2350,1,2024-10-23 20:04:14,R_3hFN3EYBS0o5WRK,anonymous,EN,1,,0,0,,1,50,2,4,1,4,4,4,4,1,1,1,2,4,3,2,3,4,5,2,1,1,5,1,1|3|2|4|5,5,5,4,4,4,7,7,7,7,7,7,7,6,3|6|1|7|2|4|8|5,2,4,5,1,4,1|2|4|3|5,3,3,1|2,5,4,2,3,4,4,4,6,7,6,6,7,7,7,5,6,6,7,10|6|11|2|3|7|8|9|5|1|4,4,2|4|1|3,4,4,5,4,4,3,Condition3_Ctrl
2024-10-23 19:27:18,2024-10-23 20:35:11,0,100,4072,1,2024-10-23 20:35:12,R_2374WZcJCygHONt,anonymous,EN,0.800000011920929,,0,0,,1,45,2,2,1,4,4,4,2,1,2,1,3,2,3,3,3,3,3,1,1,5,4,4,5|4|3|1|2,4,4,4,4,4,6,6,6,6,6,6,6,6,7|3|4|2|5|1|6|8,4,4,4,2,4,3|2|1|4|5,4,3,2|1,6,6,6,6,6,6,6,7,7,7,7,7,7,7,7,7,7,7,1|6|4|11|8|3|10|7|9|2|5,1,3|1|2|4,3,3,4,4,4,4,Condition2_Env
2024-10-23 21:02:11,2024-10-23 21:10:30,0,100,498,1,2024-10-23 21:10:30,R_6RJRiUWxBgcjjKV,anonymous,EN,1,,0,0,,1,41,1,5,1,4,4,3,2,1,2,1,1,2,3,3,2,4,5,1,2,2,4,4,3|1|5|4|2,5,5,5,4,3,7,6,7,7,7,6,7,6,4|5|7|3|1|8|2|6,4,4,4,2,3,3|2|1|4|5,4,5,1|2,1,1,1,3,5,2,1,7,4,6,7,7,7,7,7,7,7,7,2|6|5|7|8|4|1|9|10|3|11,4,4|1|2|3,1,3,4,3,2,2,Condition3_Ctrl
2024-10-23 21:15:58,2024-10-23 21:30:25,0,100,867,1,2024-10-23 21:30:26,R_2s0xWA9PWHUiBfH,anonymous,EN,0.8999999761581421,,0,0,,1,55,1,2,1,3,3,3,3,1,2,1,1,3,3,3,3,3,3,4,4,4,4,4,4|2|5|1|3,3,3,3,3,3,7,7,7,7,7,7,6,7,7|2|5|1|6|8|4|3,5,5,5,3,5,2|1|3|4|5,4,5,1|2,4,3,3,4,6,6,1,4,4,4,4,4,4,4,4,4,4,4,9|10|2|3|8|1|7|11|5|6|4,1,1|2|3|4,4,4,4,3,3,3,Condition1_Eco
2024-10-23 21:34:08,2024-10-23 21:46:36,0,100,747,1,2024-10-23 21:46:36,R_12tl4fzNMEbJVqi,anonymous,EN,1,,0,0,,1,69,1,9,4,4,4,5,1,1,1,1,1,3,1,1,1,3,3,3,4,2,3,5,4|5|3|1|2,4,4,4,4,4,5,4,5,4,1,5,6,4,5|7|4|8|1|3|6|2,3,4,4,1,4,1|4|2|3|5,4,4,1|2,2,2,1,4,4,6,6,6,7,4,4,6,6,7,1,7,7,7,8|4|3|11|6|2|1|5|9|10|7,2,3|4|2|1,3,3,3,4,4,4,Condition1_Eco
2024-10-23 21:32:57,2024-10-23 21:48:44,0,100,947,1,2024-10-23 21:48:45,R_21mvhhGb7ATyLMq,anonymous,EN,1,,0,0,,1,70,1,9,4,3,4,3,1,1,2,1,1,3,2,2,2,3,3,3,2,2,4,2,3|5|4|2|1,3,3,2,1,1,3,5,4,4,6,5,5,5,6|7|5|2|4|8|1|3,2,3,3,3,3,3|2|1|4|5,3,4,1|2,6,6,1,3,3,2,1,4,4,4,4,4,4,4,4,4,4,4,4|1|10|6|9|5|3|2|11|7|8,1,1|4|2|3,2,3,3,3,2,3,Condition3_Ctrl
2024-10-23 21:57:53,2024-10-23 22:14:54,0,100,1021,1,2024-10-23 22:14:56,R_3GksHuGnyZlbD0e,anonymous,EN,0.20000000298023224,,0,0,,1,50,2,7,1,2,4,2,1,1,2,1,1,4,1,1,4,4,5,1,1,1,4,1,1|2|5|3|4,4,4,1,1,1,7,7,6,5,7,2,6,6,6|1|2|5|8|4|3|7,1,3,1,4,1,3|4|2|1|5,4,4,1|2,2,1,1,4,5,4,3,7,7,7,7,7,7,7,7,7,7,7,2|5|4|11|7|1|3|8|10|6|9,1,2|1|4|3,1,5,5,4,4,3,Condition2_Env
2024-10-24 00:31:38,2024-10-24 00:43:52,0,100,733,1,2024-10-24 00:43:52,R_3PLEinT86yqozer,anonymous,EN,0.8999999761581421,,0,5,,1,45,1,2,1,2,2,2,2,1,2,1,2,5,4,2,4,1,3,1,5,1,1,5,2|3|1|4|5,5,5,1,1,1,7,1,7,7,7,7,7,7,2|4|7|3|8|6|5|1,1,5,5,1,5,4|3|1|2|5,3,5,2|1,6,6,6,6,6,6,6,7,7,7,7,7,7,7,7,7,7,7,1|8|9|7|3|11|5|10|2|4|6,1,1|4|3|2,3,3,3,3,3,3,Condition2_Env
2024-10-24 00:41:50,2024-10-24 01:03:01,0,100,1271,1,2024-10-24 01:03:02,R_12r90V7p9ulM7fp,anonymous,EN,1,,0,5,,1,56,1,4,1,5,5,3,3,1,2,1,1,4,4,4,4,4,2,2,1,1,1,5,3|1|4|2|5,4,4,1,1,1,6,1,6,2,3,7,7,6,1|2|3|5|7|8|4|6,4,5,5,4,2,3|2|1|4|5,4,2,1|2,2,2,1,2,1,1,1,4,7,7,4,7,7,7,7,7,7,7,8|6|11|5|7|2|9|4|10|1|3,4,2|4|3|1,4,2,3,5,5,5,Condition1_Eco
2024-10-24 06:07:13,2024-10-24 06:18:36,0,100,682,1,2024-10-24 06:18:37,R_WeZPQl0kb27Uitj,anonymous,EN,1,,0,0,,1,44,1,7,1,2,2,3,3,2,1,1,2,4,2,2,3,3,3,2,2,1,5,4,3|4|5|1|2,4,4,3,2,2,6,6,6,6,6,4,6,4,3|7|8|6|5|4|2|1,2,2,2,2,2,2|4|1|3|5,4,5,2|1,3,3,2,6,6,3,6,7,7,7,7,7,7,7,7,7,7,7,8|3|10|1|9|2|4|11|5|6|7,1,1|3|4|2,4,4,4,4,4,4,Condition1_Eco
2024-10-24 06:09:15,2024-10-24 06:21:33,0,100,738,1,2024-10-24 06:21:34,R_SSLGfLoqUqjq4i5,anonymous,EN,1,,0,0,,1,60,1,7,1,1,1,4,2,1,2,1,1,3,1,2,2,4,4,2,1,1,4,1,2|5|3|1|4,4,4,4,4,4,6,6,6,6,6,6,7,7,7|6|8|1|4|5|2|3,4,4,4,2,4,3|2|4|1|5,5,1,2|1,1,1,1,2,5,1,2,7,7,6,7,7,7,7,6,7,7,7,2|6|3|9|1|10|4|5|11|7|8,4,4|3|1|2,3,5,4,4,4,4,Condition2_Env
2024-10-24 05:52:57,2024-10-24 06:25:15,0,100,1937,1,2024-10-24 06:25:15,R_2CNz455pG8SfjcM,anonymous,EN,1,,0,0,,1,78,1,,4,1,2,5,1,1,1,1,2,1,1,1,1,5,5,2,1,5,5,4,1|2|5|3|4,5,5,5,4,2,5,7,5,6,5,4,7,5,4|8|3|7|2|5|6|1,4,5,5,1,5,1|2|4|3|5,5,5,2|1,1,1,1,4,5,3,4,7,7,7,7,7,7,7,7,7,7,7,3|6|9|8|5|11|1|4|10|7|2,3,2|4|1|3,5,5,5,5,5,5,Condition3_Ctrl
2024-10-24 06:41:23,2024-10-24 06:50:05,0,100,522,1,2024-10-24 06:50:06,R_2YEXneb6uph4sVW,anonymous,EN,1,,0,0,,1,57,1,4,1,1,2,2,1,2,2,2,3,3,4,5,3,4,2,2,2,1,4,3,3|1|2|5|4,4,3,4,2,1,7,6,7,7,6,7,7,6,8|1|5|3|7|6|4|2,5,5,4,5,5,4|3|1|2|5,3,4,1|2,5,4,3,2,3,4,5,7,7,7,7,7,7,7,7,7,7,7,4|3|7|11|1|8|9|2|6|10|5,2,2|1|4|3,2,4,5,3,4,4,Condition3_Ctrl
2024-10-24 06:34:43,2024-10-24 06:51:30,0,100,1006,1,2024-10-24 06:51:30,R_3HnxfDEiC39pH9L,anonymous,EN,1,,0,0,,1,48,2,5,1,1,2,3,2,1,2,1,1,5,1,2,4,3,5,1,1,1,5,2,5|4|1|3|2,2,2,1,1,1,7,7,6,6,6,2,5,6,2|1|4|7|5|3|8|6,1,2,2,2,4,1|2|3|4|5,4,4,2|1,5,4,3,6,4,4,6,7,7,6,7,7,7,7,7,7,7,7,7|1|2|6|3|8|5|11|10|4|9,4,3|4|1|2,4,3,3,4,4,3,Condition3_Ctrl
2024-10-24 06:44:29,2024-10-24 06:56:30,0,100,720,1,2024-10-24 06:56:30,R_1r15UOC2drHqn3I,anonymous,EN,1,,0,0,,1,67,1,4,4,2,4,2,1,1,1,1,1,3,3,3,3,3,3,2,3,2,2,4,5|3|1|2|4,4,4,4,4,4,3,4,3,5,5,5,3,3,1|7|3|8|5|6|2|4,2,3,2,3,2,4|1|3|2|5,4,4,1|2,3,3,2,4,4,4,3,7,6,5,7,6,7,7,7,7,7,7,1|8|5|2|9|6|10|3|7|4|11,4,1|4|3|2,1,3,3,4,4,4,Condition1_Eco
2024-10-24 06:53:55,2024-10-24 07:01:09,0,100,433,1,2024-10-24 07:01:09,R_2S17PZVt1WolJZU,anonymous,EN,1,,0,0,,1,51,1,7,1,4,4,2,4,1,2,2,2,2,2,2,2,4,4,2,2,2,5,2,2|4|1|5|3,4,4,5,2,1,6,6,2,6,6,2,2,6,2|1|4|3|5|7|6|8,3,4,4,1,4,4|2|1|3|5,5,2,1|2,5,2,1,4,4,2,4,7,4,6,7,6,6,7,6,6,7,7,7|11|8|1|3|2|10|4|9|5|6,1,4|1|2|3,2,3,2,4,3,3,Condition2_Env
2024-10-24 06:37:21,2024-10-24 07:44:17,0,100,4015,1,2024-10-24 07:44:17,R_3ELH5qvPtaw1Koi,anonymous,EN,1,,0,0,,1,58,1,1,7,4,4,2,2,1,2,1,2,3,4,2,4,2,5,1,1,1,5,5,3|5|1|2|4,4,4,3,3,3,7,7,7,6,6,7,7,7,7|8|5|4|6|1|2|3,3,4,4,3,3,3|4|2|1|5,2,4,1|2,2,3,2,4,5,6,1,7,7,6,7,7,7,7,7,7,7,7,1|7|10|11|3|8|4|2|6|5|9,2,1|3|4|2,3,4,4,5,4,4,Condition1_Eco
2024-10-24 07:41:58,2024-10-24 07:52:25,0,100,626,1,2024-10-24 07:52:25,R_xg5sexDfGlSSZDr,anonymous,EN,1,,0,0,,1,59,2,5,1,5,4,1,5,1,1,1,2,4,1,1,3,3,5,1,1,1,5,1,3|2|1|4|5,5,5,5,5,5,7,7,6,7,3,7,7,7,5|4|8|7|3|1|2|6,5,5,3,1,5,4|1|2|3|5,5,3,2|1,5,1,1,5,5,6,6,7,7,7,7,7,7,7,7,7,7,7,10|5|3|7|1|9|4|2|6|11|8,1,1|2|3|4,2,2,5,5,5,5,Condition3_Ctrl
2024-10-24 07:41:34,2024-10-24 07:56:19,0,100,884,1,2024-10-24 07:56:20,R_3dKuavWkOYC1wjA,anonymous,EN,1,,0,0,,1,81,1,9,4,2,5,5,3,1,2,1,1,3,3,1,3,3,3,4,4,4,5,2,2|3|1|5|4,5,5,5,5,5,6,6,3,5,4,6,6,2,8|7|5|3|2|1|4|6,3,4,3,1,3,3|4|2|1|5,4,5,1|2,1,2,1,4,5,1,6,6,7,7,6,7,7,7,7,7,7,7,10|11|6|9|2|4|3|8|5|1|7,1,3|4|1|2,4,3,4,5,5,5,Condition3_Ctrl
2024-10-24 07:50:42,2024-10-24 08:07:04,0,100,982,1,2024-10-24 08:07:04,R_1QFK7Ac4ww12Tkc,anonymous,EN,1,,0,0,,1,44,1,2,1,2,4,4,2,1,2,1,1,2,1,3,3,4,5,2,2,2,1,3,4|2|5|3|1,5,5,5,5,4,6,6,4,4,4,5,6,5,8|3|5|2|6|4|7|1,3,4,3,1,3,1|2|4|3|5,5,5,2|1,2,2,1,3,2,1,1,5,4,4,4,6,6,5,5,6,6,4,1|11|3|9|6|5|7|4|8|2|10,1,2|3|4|1,1,2,3,3,4,3,Condition2_Env
2024-10-24 07:49:57,2024-10-24 08:08:14,0,100,1096,1,2024-10-24 08:08:14,R_1hzBs65e8ACb26n,anonymous,EN,0.8999999761581421,,0,0,,1,67,1,6,1,1,2,1,1,1,2,1,1,3,4,4,5,1,2,2,1,1,5,2,1|4|3|5|2,1,1,1,1,1,7,7,7,7,7,7,6,7,7|5|8|6|4|2|1|3,1,1,1,5,5,1|4|3|2|5,1,2,2|1,4,4,2,6,2,2,6,6,6,6,6,7,7,6,6,6,6,6,1|2|6|4|8|7|3|5|11|9|10,4,2|3|4|1,1,5,1,4,3,4,Condition1_Eco
2024-10-24 08:01:49,2024-10-24 08:13:27,0,100,698,1,2024-10-24 08:13:28,R_2WZjTUKyzxlcckM,anonymous,EN,1,,0,0,,1,43,1,7,2,1,2,2,2,1,1,1,2,1,2,2,2,4,4,2,2,4,4,4,3|4|5|2|1,4,4,4,4,4,3,6,3,3,3,6,4,3,2|8|3|4|5|1|6|7,4,4,4,4,4,2|3|1|4|5,5,5,2|1,4,3,2,2,1,1,2,6,6,6,6,6,6,6,5,6,6,6,2|4|5|11|1|10|9|8|3|7|6,1,4|3|1|2,4,4,4,4,4,4,Condition2_Env
2024-10-24 09:01:14,2024-10-24 09:12:08,0,100,654,1,2024-10-24 09:12:09,R_1mkPGSu6bTr9WFd,anonymous,EN,1,,0,0,,1,68,1,4,4,1,4,4,1,1,2,1,1,5,2,2,3,3,4,2,3,3,2,4,5|3|4|2|1,4,3,1,1,1,6,5,6,6,6,6,6,7,6|3|7|4|5|8|2|1,2,2,2,4,4,1|2|3|4|5,2,4,1|2,3,4,1,5,5,3,6,7,7,7,7,7,7,7,7,7,7,7,9|1|5|8|6|3|7|11|2|10|4,2,2|1|4|3,3,4,2,4,4,3,Condition3_Ctrl
2024-10-24 08:57:46,2024-10-24 09:16:11,0,100,1105,1,2024-10-24 09:16:12,R_31EDNwDv9FaBOKL,anonymous,EN,0.8999999761581421,,0,0,,1,48,1,2,1,4,4,5,2,1,1,1,2,3,3,3,2,3,4,1,1,1,5,1,2|1|3|5|4,5,5,2,1,1,7,7,7,6,7,7,6,7,4|7|2|1|5|3|8|6,3,5,4,1,5,1|4|3|2|5,4,4,2|1,4,6,6,4,5,6,6,7,6,7,7,7,7,7,7,7,7,7,11|7|4|1|8|6|10|2|3|9|5,1,3|2|1|4,3,4,5,4,4,3,Condition2_Env
2024-10-24 09:06:32,2024-10-24 09:21:34,0,100,902,1,2024-10-24 09:21:35,R_2QKut0jdjCLITUY,anonymous,EN,1,,0,0,,1,68,1,7,4,4,5,5,3,2,2,3,1,1,1,1,1,5,5,1,5,1,5,5,5|3|4|2|1,5,5,5,5,5,1,1,1,7,1,7,7,7,3|5|2|7|1|4|8|6,5,5,3,1,5,2|3|1|4|5,5,5,1|2,1,1,2,5,5,1,1,7,7,7,7,7,7,7,7,7,7,7,1|3|5|4|7|2|8|9|10|11|6,4,3|2|4|1,3,3,4,5,5,5,Condition3_Ctrl
2024-10-24 08:54:47,2024-10-24 09:24:40,0,100,1793,1,2024-10-24 09:24:41,R_1igqxncPQdTZ4xV,anonymous,EN,1,,0,10,,1,52,1,6,1,1,3,3,2,1,2,1,2,3,3,3,3,3,5,2,1,2,5,1,4|3|5|1|2,5,5,4,3,2,7,7,7,7,7,7,7,7,8|4|1|3|2|7|5|6,3,5,5,2,4,2|4|1|3|5,5,2,2|1,3,2,2,5,5,3,3,7,5,5,6,6,7,7,7,7,6,7,3|2|10|1|9|8|5|4|7|6|11,2,2|4|1|3,2,3,5,3,3,3,Condition1_Eco
2024-10-24 09:24:54,2024-10-24 09:40:52,0,100,957,1,2024-10-24 09:40:53,R_247s76KRr3p8euA,anonymous,EN,1,,0,0,,1,54,1,2,1,2,5,3,1,1,2,1,1,4,4,2,3,2,5,1,4,1,5,5,1|4|2|5|3,4,2,2,2,2,7,5,7,6,7,7,6,6,8|1|6|4|7|2|5|3,3,4,4,4,4,1|4|3|2|5,2,4,2|1,1,1,1,2,1,1,1,7,7,7,7,7,7,7,7,7,7,7,4|7|9|10|6|5|2|8|11|1|3,4,2|1|4|3,2,2,5,5,5,5,Condition2_Env
2024-10-24 10:01:46,2024-10-24 10:06:41,0,100,294,1,2024-10-24 10:06:41,R_2CKwlVpkDv5kFGK,anonymous,EN,0.5,,0,0,,1,56,1,7,1,4,4,3,3,1,2,1,1,2,2,2,2,3,5,2,1,1,5,1,5|4|3|1|2,4,4,4,4,4,6,7,5,5,5,4,5,5,6|7|3|8|2|4|5|1,1,4,4,1,4,4|1|2|3|5,5,5,2|1,1,1,1,3,5,1,1,7,7,7,5,7,7,7,5,5,7,7,5|3|11|1|10|6|7|2|4|8|9,4,4|2|1|3,3,3,4,3,3,3,Condition1_Eco
2024-10-24 10:04:32,2024-10-24 10:12:18,0,100,465,1,2024-10-24 10:12:18,R_2zCtZ3SUumKURwy,anonymous,EN,0.800000011920929,,0,0,,1,33,1,4,1,2,2,2,2,1,2,1,1,4,2,2,4,2,5,4,1,1,4,2,3|5|2|4|1,4,4,4,4,4,6,6,5,6,4,6,6,6,6|3|7|5|1|2|4|8,1,3,2,3,2,3|4|2|1|5,4,4,2|1,6,6,6,6,6,6,6,5,4,6,4,5,6,4,6,6,5,7,9|7|1|3|6|4|10|5|8|2|11,4,1|2|4|3,4,4,4,3,3,3,Condition2_Env
2024-10-24 10:05:19,2024-10-24 10:12:18,0,100,418,1,2024-10-24 10:12:18,R_2VdOERLmJflLYkY,anonymous,EN,1,,0,0,,1,43,1,7,1,2,3,2,2,1,2,3,1,2,2,3,2,4,4,2,2,3,4,4,3|4|5|1|2,4,4,3,3,3,6,6,5,7,6,6,6,6,3|4|8|7|1|6|2|5,3,4,3,3,4,4|3|1|2|5,4,5,1|2,2,2,2,4,4,2,6,5,6,6,6,6,6,5,5,6,6,6,7|1|8|9|2|5|10|11|3|4|6,2,4|3|1|2,3,3,3,4,4,4,Condition1_Eco
2024-10-24 10:44:52,2024-10-24 11:09:26,0,100,1473,1,2024-10-24 11:09:26,R_uyLUlwAneoTFN2F,anonymous,EN,1,,0,0,,1,65,1,9,4,2,2,5,2,1,2,1,2,2,1,1,3,3,3,1,2,4,5,4,1|3|5|2|4,5,5,4,4,4,6,5,5,6,5,6,6,6,1|2|8|5|3|4|7|6,5,4,4,2,4,1|4|3|2|5,5,3,1|2,3,2,1,5,5,3,3,7,7,1,7,3,7,7,7,7,7,7,5|9|3|2|4|8|1|7|10|11|6,3,4|1|2|3,5,5,5,4,5,4,Condition3_Ctrl
2024-10-24 11:00:08,2024-10-24 11:28:17,0,100,1689,1,2024-10-24 11:28:18,R_6XPna9l0wfrbM9H,anonymous,EN,1,,0,0,,1,56,1,4,1,1,2,3,2,2,2,3,2,4,1,1,1,4,4,2,1,1,5,3,1|5|2|4|3,5,4,5,5,5,6,7,6,5,7,7,7,6,8|7|3|5|6|1|2|4,5,5,5,1,4,3|2|1|4|5,5,5,2|1,1,1,1,4,4,2,2,5,6,5,6,6,7,7,6,5,6,6,9|6|11|1|10|2|8|7|4|3|5,4,1|2|3|4,5,3,5,3,3,4,Condition1_Eco
2024-10-24 10:55:39,2024-10-24 11:29:14,0,100,2015,1,2024-10-24 11:29:15,R_3s53PUQ8ippoOY6,anonymous,EN,1,,0,0,,1,73,1,5,4,1,2,1,1,1,2,1,1,4,4,4,3,1,5,2,2,4,4,4,3|1|5|4|2,5,1,1,1,1,6,5,6,7,6,7,7,7,1|7|4|3|2|5|6|8,2,4,5,4,4,2|1|4|3|5,1,1,2|1,3,3,1,2,3,2,6,6,7,7,6,7,7,7,7,7,6,7,5|1|11|4|7|8|6|10|9|3|2,4,4|2|3|1,4,4,4,3,4,3,Condition2_Env
2024-10-24 11:28:17,2024-10-24 11:34:48,0,100,390,1,2024-10-24 11:34:48,R_1eWtcIQICVSs44y,anonymous,EN,1,,0,0,,1,70,1,2,4,1,1,3,2,2,2,1,1,4,3,4,5,1,3,2,3,1,5,1,5|4|2|1|3,3,2,1,2,1,7,7,7,6,7,7,7,6,7|8|6|5|2|4|1|3,3,3,3,4,4,1|2|3|4|5,3,1,2|1,6,6,3,4,3,3,1,7,7,7,7,7,7,7,7,7,7,7,6|5|2|8|10|11|7|9|1|4|3,2,4|1|2|3,3,3,3,4,4,5,Condition3_Ctrl
2024-10-24 12:05:55,2024-10-24 12:18:01,0,100,725,1,2024-10-24 12:18:01,R_3PN6UfSD8azCe71,anonymous,EN,0.5,,0,0,,1,39,1,2,1,1,3,1,1,1,2,1,1,5,3,3,1,1,5,1,1,2,5,2,4|3|5|2|1,5,2,1,1,1,7,6,6,6,6,6,6,6,3|8|5|2|4|6|7|1,2,3,2,3,2,2|1|4|3|5,2,5,2|1,3,3,1,4,4,3,5,7,7,7,7,6,7,7,7,7,7,7,11|4|8|10|7|9|5|1|3|6|2,1,4|3|1|2,1,3,3,3,4,3,Condition2_Env
2024-10-24 13:18:04,2024-10-24 13:25:46,0,100,461,1,2024-10-24 13:25:46,R_YaVdC3n45E4su65,anonymous,EN,1,,0,0,,1,27,2,7,1,4,5,5,3,1,2,1,1,1,1,1,1,4,2,1,1,1,4,1,5|1|4|2|3,5,5,4,4,3,7,7,7,7,7,7,6,6,5|1|3|2|7|8|6|4,5,3,3,1,1,2|1|3|4|5,5,5,1|2,3,3,3,3,3,3,3,7,7,7,7,7,7,7,7,7,7,7,11|2|1|10|3|8|7|9|6|4|5,4,4|3|2|1,5,4,5,4,4,4,Condition3_Ctrl
2024-10-24 14:04:23,2024-10-24 14:13:26,0,100,543,1,2024-10-24 14:13:26,R_1Qt1xlrobagXR4i,anonymous,EN,1,,0,95,,1,42,1,7,7,4,5,5,4,1,2,3,2,3,1,1,2,4,5,2,1,1,4,3,4|1|5|2|3,5,5,5,5,4,6,7,5,6,7,6,6,6,3|7|1|2|5|6|8|4,1,5,5,1,4,2|1|4|3|5,5,5,2|1,5,5,3,3,2,3,1,7,7,6,6,6,7,5,7,6,7,7,4|3|10|11|6|9|8|5|2|1|7,4,1|2|3|4,5,3,5,4,4,4,Condition1_Eco
2024-10-23 21:55:10,2024-10-24 15:22:59,0,100,62868,1,2024-10-24 15:23:00,R_264isqJlOixQdFb,anonymous,EN,1,,0,0,,1,46,1,2,1,2,3,4,1,1,2,1,1,5,3,3,2,3,2,2,3,2,1,4,3|5|2|4|1,4,4,3,2,2,7,6,6,6,7,6,7,7,3|7|1|4|6|5|2|8,2,4,4,3,2,3|4|1|2|5,4,5,2|1,4,3,1,4,3,1,1,7,6,6,6,6,7,7,6,6,6,6,7|10|1|2|11|5|9|3|6|8|4,2,1|4|3|2,2,3,3,3,4,3,Condition1_Eco
2024-10-24 15:26:22,2024-10-24 15:41:21,0,100,898,1,2024-10-24 15:41:21,R_2bOEbZD1H4mYyAU,anonymous,EN,1,,0,0,,1,35,1,2,1,1,2,1,1,1,2,1,1,5,4,3,2,2,5,1,3,1,2,5,5|2|4|3|1,2,1,1,1,1,7,5,7,6,7,6,7,7,6|4|8|2|1|5|3|7,1,1,1,4,4,4|1|2|3|5,1,2,1|2,1,1,1,1,2,1,6,7,7,7,7,7,7,7,7,7,7,7,9|8|3|1|10|2|11|5|4|6|7,1,4|1|3|2,3,4,2,3,5,5,Condition2_Env
2024-10-24 18:29:30,2024-10-24 18:42:15,0,100,764,1,2024-10-24 18:42:16,R_RstAh2Xp0X6waEV,anonymous,EN,1,,0,10,,1,71,1,5,4,4,4,4,3,1,2,1,2,1,1,1,1,5,5,1,2,1,4,1,4|3|5|2|1,5,5,5,5,5,6,6,5,6,2,6,6,4,1|4|7|5|8|2|6|3,4,5,5,1,4,3|4|1|2|5,5,5,2|1,2,1,2,3,4,1,1,5,5,6,4,5,6,6,5,5,5,6,3|9|1|6|2|4|11|8|7|5|10,1,3|2|4|1,4,4,4,4,3,3,Condition3_Ctrl
2024-10-24 19:53:31,2024-10-24 20:06:08,0,100,757,1,2024-10-24 20:06:09,R_0f9QkrTdoBmZnbP,anonymous,EN,1,,0,0,,1,58,1,2,1,1,5,3,1,2,2,1,3,2,1,2,2,3,5,1,2,2,2,2,4|1|5|3|2,5,4,2,1,1,6,6,6,6,6,6,1,6,7|6|2|5|1|3|4|8,1,5,5,4,5,4|2|1|3|5,5,1,2|1,6,6,6,6,6,6,6,7,7,7,7,7,7,7,7,7,7,7,5|2|10|7|11|8|1|4|3|6|9,2,2|3|4|1,5,5,5,5,5,5,Condition1_Eco
2024-10-24 21:28:15,2024-10-24 21:43:40,0,100,925,1,2024-10-24 21:43:41,R_3nTRHJJUGadFosa,anonymous,EN,1,,0,0,,1,53,1,5,1,3,2,2,3,1,2,1,2,1,1,1,2,5,5,2,2,1,4,2,3|4|1|2|5,5,5,5,4,3,4,6,5,7,6,4,7,5,5|7|4|6|3|8|2|1,4,5,5,1,3,3|4|1|2|5,5,5,1|2,1,1,1,3,5,2,2,6,5,5,6,6,7,4,4,5,5,6,5|7|3|6|1|10|4|2|8|9|11,1,1|3|4|2,1,3,5,2,2,2,Condition2_Env
2024-10-24 21:41:05,2024-10-24 22:56:54,0,100,4549,1,2024-10-24 22:56:55,R_1jJlDk15vsTBzCW,anonymous,EN,0.8999999761581421,,0,0,,1,62,1,1,4,2,1,3,2,2,1,1,1,4,1,1,1,5,5,2,1,1,5,2,3|2|5|1|4,2,4,1,1,1,7,5,7,6,5,6,6,6,3|5|7|2|1|8|4|6,3,4,4,3,4,3|4|2|1|5,2,5,1|2,1,3,1,4,3,1,1,7,7,7,7,7,7,7,7,7,7,7,6|11|1|2|3|8|4|5|7|9|10,4,3|4|1|2,5,5,2,5,4,5,Condition2_Env
2024-10-25 06:56:12,2024-10-25 07:07:55,0,100,702,1,2024-10-25 07:07:56,R_1E4BWpTlVhp9ptz,anonymous,EN,1,,0,0,,1,41,2,4,1,2,3,4,3,1,2,2,1,2,1,1,2,3,5,1,1,1,5,1,2|3|4|1|5,5,5,5,5,5,6,7,6,6,7,6,6,6,3|2|8|5|6|7|1|4,4,4,4,2,4,4|1|3|2|5,5,5,2|1,2,2,2,4,4,3,4,7,6,6,7,7,6,7,7,7,7,7,4|3|2|1|7|11|10|5|8|9|6,4,3|1|4|2,4,4,4,3,3,4,Condition3_Ctrl
2024-10-25 07:19:39,2024-10-25 07:27:16,0,100,457,1,2024-10-25 07:27:17,R_3iEbxlBPNIpwZsY,anonymous,EN,1,,0,0,,1,41,1,7,1,2,3,4,1,1,2,2,2,2,3,2,2,3,4,2,1,1,5,3,1|5|3|2|4,4,3,4,2,1,7,7,6,6,7,7,7,7,3|4|7|2|5|6|8|1,3,4,5,2,5,4|2|3|1|5,4,5,1|2,6,3,1,4,4,1,6,7,6,7,7,7,7,6,7,7,7,7,8|11|9|10|1|6|7|5|3|4|2,1,4|3|2|1,2,3,3,4,5,3,Condition1_Eco
2024-10-25 07:25:39,2024-10-25 07:40:24,0,100,885,1,2024-10-25 07:40:25,R_2xRHfkjQpa5YFAB,anonymous,EN,0.699999988079071,,0,0,,1,47,2,9,1,2,4,3,3,1,2,1,3,3,3,2,4,2,3,1,1,1,4,1,2|5|3|4|1,4,4,4,2,1,7,7,7,7,7,7,7,7,1|4|5|2|3|6|7|8,3,5,5,2,5,2|3|1|4|5,4,4,2|1,3,3,3,3,4,4,3,7,7,7,7,7,7,7,7,7,7,7,3|5|6|8|11|1|4|2|10|7|9,1,2|4|3|1,2,3,5,4,4,4,Condition2_Env
2024-10-25 07:41:33,2024-10-25 07:52:02,0,100,628,1,2024-10-25 07:52:02,R_1jjtBb3Toqd008z,anonymous,EN,1,,0,0,,1,50,1,7,1,4,2,5,4,1,2,2,2,2,1,3,1,3,4,1,1,5,1,5,3|5|2|1|4,5,5,5,2,1,7,6,7,6,7,7,6,6,8|4|1|2|7|5|3|6,2,4,5,1,4,2|4|1|3|5,5,2,2|1,2,2,2,1,4,3,5,7,6,7,7,7,6,7,7,7,7,7,7|8|10|6|2|1|9|5|3|4|11,3,1|3|4|2,4,3,4,2,4,3,Condition3_Ctrl
2024-10-25 10:19:34,2024-10-25 10:36:14,0,100,999,1,2024-10-25 10:36:14,R_2TTXPR7ustxBSzl,anonymous,EN,0.6000000238418579,,0,75,,1,38,1,7,1,1,2,1,1,1,2,2,2,4,1,1,2,3,5,2,1,1,5,1,1|4|5|3|2,5,5,5,3,2,7,7,3,7,2,6,7,7,5|4|8|1|6|3|2|7,4,5,4,1,4,2|3|1|4|5,3,3,1|2,1,1,1,4,3,1,5,7,7,7,7,7,7,7,6,7,7,7,11|8|4|10|6|9|2|3|1|7|5,2,3|2|1|4,1,1,5,2,3,1,Condition1_Eco
2024-10-25 12:15:56,2024-10-25 12:28:06,0,100,729,1,2024-10-25 12:28:07,R_2cjcuVD7nXtBvZv,anonymous,EN,0.8999999761581421,,0,0,,1,67,2,7,1,1,3,1,1,1,1,1,1,3,2,2,2,4,3,3,2,2,3,3,4|5|1|2|3,4,5,3,4,3,4,5,4,6,4,6,6,4,8|5|6|3|4|7|1|2,1,4,4,3,4,2|4|3|1|5,5,5,2|1,3,2,2,2,4,3,6,7,7,6,7,7,7,6,6,6,7,7,11|2|5|3|1|8|10|7|9|6|4,4,2|4|3|1,3,3,5,3,3,4,Condition3_Ctrl
2024-10-25 15:45:01,2024-10-25 15:50:53,0,100,351,1,2024-10-25 15:50:53,R_2YRqhZXi8k9hvdX,anonymous,EN,1,,0,5,,1,26,1,4,1,2,2,3,2,1,2,3,2,4,1,2,4,3,4,2,1,2,4,1,2|1|5|4|3,5,5,4,4,4,6,7,6,7,6,6,6,4,5|8|6|1|3|7|2|4,2,4,2,2,3,4|3|1|2|5,4,5,1|2,1,2,2,5,4,4,2,7,7,6,6,6,7,7,6,7,7,7,10|2|1|11|4|8|5|3|9|6|7,2,1|4|3|2,5,5,2,2,3,2,Condition1_Eco
2024-10-25 23:23:40,2024-10-25 23:36:50,0,100,789,1,2024-10-25 23:36:50,R_3hAW6yAvLHaGvhM,anonymous,EN,1,,0,0,,1,55,1,5,1,4,2,5,4,1,2,1,1,1,1,1,1,4,5,2,1,1,5,1,4|1|5|3|2,5,5,5,5,5,4,6,2,4,2,5,4,5,7|1|5|3|4|2|8|6,3,2,5,1,2,1|2|3|4|5,5,5,1|2,1,1,1,3,5,2,5,6,6,7,7,7,7,7,7,6,6,6,4|11|2|6|3|8|5|1|9|7|10,1,2|1|4|3,5,2,5,3,4,4,Condition2_Env
2024-10-26 11:39:41,2024-10-26 11:47:16,0,100,455,1,2024-10-26 11:47:17,R_2Bb9YQsEz8D8Ah1,anonymous,EN,0.30000001192092896,,0,0,,1,27,1,5,1,1,1,1,1,2,2,3,2,1,2,3,1,5,4,3,4,4,1,3,5|4|1|3|2,5,4,4,3,4,2,2,5,2,6,1,3,5,6|4|2|7|1|5|8|3,2,1,1,3,3,3|2|1|4|5,1,5,2|1,5,4,3,3,4,4,2,1,1,1,4,1,4,1,1,1,4,4,3|6|7|9|5|2|11|10|4|1|8,2,2|1|3|4,2,1,4,1,2,3,Condition2_Env
2024-10-26 13:28:57,2024-10-26 13:39:43,0,100,646,1,2024-10-26 13:39:44,R_yD94kHGTHorzzd7,anonymous,EN,1,,0,0,,1,58,1,6,1,2,2,2,2,1,2,1,1,5,3,2,4,2,4,2,1,1,5,4,5|4|1|3|2,2,1,1,1,1,7,7,7,5,7,6,5,6,2|5|8|1|4|7|6|3,1,2,1,4,4,1|2|4|3|5,1,1,1|2,3,3,3,3,5,5,5,7,7,7,7,7,7,7,7,7,7,7,10|3|8|5|9|6|11|4|2|7|1,2,4|2|3|1,4,1,1,4,4,4,Condition1_Eco
2024-10-26 13:44:19,2024-10-26 15:26:25,0,100,6126,1,2024-10-26 15:26:25,R_bpijB7LsYxG5bW1,anonymous,EN,1,,0,0,,1,53,2,9,1,2,3,2,2,1,2,1,1,3,1,1,1,3,5,2,1,1,5,3,5|1|2|4|3,2,2,1,1,1,6,7,6,5,6,6,6,6,4|2|1|8|3|7|5|6,1,2,3,3,4,3|4|1|2|5,2,1,2|1,3,2,2,5,5,2,4,7,7,7,7,7,7,7,7,7,7,7,8|10|5|4|1|11|6|2|3|7|9,4,4|1|2|3,2,3,3,3,4,2,Condition3_Ctrl
2024-10-26 16:11:45,2024-10-26 16:45:14,0,100,2008,1,2024-10-26 16:45:14,R_3fDXuchYmZc72nW,anonymous,EN,1,,0,0,,1,53,1,7,1,4,4,3,4,1,1,1,2,3,2,2,3,4,5,3,1,2,4,2,2|1|3|5|4,5,5,5,4,4,7,6,6,6,7,5,6,7,7|8|5|1|4|6|3|2,4,5,5,2,5,4|2|3|1|5,5,5,2|1,4,4,2,3,5,4,5,7,6,6,7,6,7,7,7,7,7,7,5|6|1|3|8|2|7|9|4|10|11,4,4|3|2|1,1,2,4,2,2,4,Condition3_Ctrl
2024-10-26 18:34:19,2024-10-26 18:43:53,0,100,573,1,2024-10-26 18:43:53,R_UKiHxMKZnt8u0ut,anonymous,EN,1,,0,0,,1,25,1,4,1,4,2,4,3,1,2,3,1,1,1,1,1,3,3,1,1,2,2,2,5|3|2|1|4,4,4,4,4,4,6,4,3,2,1,6,5,7,8|2|4|6|1|3|7|5,1,2,2,1,1,3|2|4|1|5,5,5,1|2,3,2,1,4,3,6,6,7,7,6,7,7,7,7,7,7,7,7,8|5|3|1|9|7|10|11|6|2|4,2,1|2|3|4,2,5,2,3,3,3,Condition1_Eco
2024-10-27 11:22:23,2024-10-27 11:35:15,0,100,771,1,2024-10-27 11:35:15,R_4GCRWwlP59FLWox,anonymous,EN,1,,0,0,,1,55,1,4,1,4,4,4,3,1,2,1,1,3,1,1,3,3,5,2,1,1,5,3,4|1|5|3|2,4,4,4,4,4,4,4,6,7,4,7,5,7,4|6|3|7|8|1|5|2,2,3,4,3,4,1|2|4|3|5,4,5,1|2,2,2,1,3,4,3,6,7,6,4,7,6,7,7,7,7,7,7,3|2|5|11|8|6|4|10|7|1|9,1,3|2|4|1,4,3,4,3,4,3,Condition2_Env
2024-10-27 12:58:45,2024-10-27 13:17:15,0,100,1110,1,2024-10-27 13:17:16,R_1dd92FaTN4Sh4Ht,anonymous,EN,1,,0,0,,1,84,,4,1,5,5,4,5,1,1,1,3,2,1,1,3,5,5,1,1,1,5,4,3|2|4|5|1,5,5,5,5,5,3,1,1,7,1,5,4,7,3|1|4|8|7|5|2|6,5,5,5,1,5,4|3|1|2|5,5,5,1|2,2,4,1,5,5,6,6,7,7,7,7,7,7,7,7,7,7,7,11|1|2|4|9|5|3|8|6|7|10,4,3|4|2|1,2,2,5,5,5,5,Condition3_Ctrl
2024-10-27 18:18:24,2024-10-27 18:27:31,0,100,547,1,2024-10-27 18:27:32,R_1eDlXcGJ3OcTmfF,anonymous,EN,1,,0,0,,1,50,2,7,1,4,4,3,3,2,2,1,2,3,2,1,3,2,4,4,1,1,4,3,2|4|5|1|3,5,4,4,3,3,5,5,5,5,4,4,5,6,5|8|3|2|4|1|6|7,2,4,4,3,3,1|2|4|3|5,4,4,2|1,4,3,2,4,5,3,2,7,7,7,7,6,7,7,7,7,7,7,1|10|6|2|4|7|9|8|11|5|3,1,1|2|4|3,3,3,5,4,4,3,Condition2_Env
2024-10-28 06:31:29,2024-10-28 07:15:19,0,100,2629,1,2024-10-28 07:15:20,R_emQLFoKpbDApP3P,anonymous,EN,1,,0,75,,1,46,2,3,1,4,4,4,4,1,1,1,1,3,4,2,3,3,3,2,2,2,3,3,1|4|5|3|2,4,4,4,4,4,6,6,6,6,7,6,5,4,8|7|1|4|6|2|3|5,4,4,4,4,4,4|3|1|2|5,3,3,2|1,3,4,3,3,4,4,4,6,6,4,6,6,6,6,5,4,4,4,3|10|9|11|4|7|1|8|6|2|5,4,1|2|3|4,2,1,1,4,4,4,Condition1_Eco
2024-10-28 15:32:36,2024-10-28 16:23:53,0,100,3076,1,2024-10-28 16:23:54,R_3CGXRlh6xbK5Wo4,anonymous,EN,0.8999999761581421,,0,0,,1,71,1,3,4,2,2,3,2,1,2,3,3,4,1,2,4,5,5,1,1,2,4,1,4|3|1|2|5,4,3,3,3,3,6,6,6,6,7,6,6,6,6|7|2|8|4|1|5|3,3,4,3,3,3,3|2|4|1|5,4,4,2|1,1,1,1,2,3,3,2,7,7,7,4,7,7,7,7,7,7,7,2|11|6|9|8|7|5|1|4|3|10,4,2|3|1|4,2,3,3,3,3,4,Condition2_Env
2024-10-22 07:38:24,2024-10-22 07:40:16,0,12,112,0,2024-10-29 06:40:24,R_2YgGsmjqXJSCBPD,anonymous,EN,1,,0,0,,1,,,,,,,,,,,,,,,,,,,,,,,,,,,,,,,,,,,,,,,,,,,,,,,,,,,,,,,,,,,,,,,,,,,,,,,,,,,
2024-10-22 08:40:10,2024-10-22 08:40:53,0,46,42,0,2024-10-29 07:40:55,R_3kmMbCPqGDxg3Tp,anonymous,EN,,true,89,0,2024-10-22 06:26:08,1,34,,,,3,3,3,3,1,1,3,3,,,,,,,,,,,,,,,,,,,,,,,,,,,,,,,,,,,,,,,,,,,,,,,,,,,,,,,,,,,,,,,
2024-10-22 11:13:49,2024-10-22 11:16:30,0,12,160,0,2024-10-29 10:16:33,R_XG5ScnNiGYAA2GZ,anonymous,EN,0.8999999761581421,,0,0,,1,,,,,,,,,,,,,,,,,,,,,,,,,,,,,,,,,,,,,,,,,,,,,,,,,,,,,,,,,,,,,,,,,,,,,,,,,,,
2024-10-29 09:38:54,2024-10-29 14:12:11,0,100,16397,1,2024-10-29 14:12:12,R_3CEgToHtsaQeZvW,anonymous,EN,0.8999999761581421,,0,5,,1,45,1,2,1,1,1,4,2,1,2,1,2,3,3,3,3,3,3,2,1,1,2,2,2|4|1|3|5,5,5,1,1,1,5,7,6,7,7,2,6,5,5|8|7|1|3|4|2|6,2,2,3,1,3,4|2|1|3|5,3,5,1|2,5,5,3,3,3,4,5,7,7,7,7,7,7,7,7,7,7,7,4|5|1|8|2|11|6|3|7|10|9,1,1|2|4|3,2,2,3,3,4,4,Condition3_Ctrl
2024-10-22 19:05:48,2024-10-22 19:06:44,0,62,54,0,2024-10-29 18:06:45,R_3MaN3XB1iQeH3lX,anonymous,EN,0.6000000238418579,,0,0,,1,43,1,7,1,1,1,2,1,1,1,3,3,2,1,1,4,4,3,5,1,4,2,2,1|5|4|2|3,,,,,,,,,,,,,,,,,,,,,,,,,,,,,,,,,,,,,,,,,,,,,,,,,,,Condition1_Eco
2024-10-30 14:54:17,2024-10-30 15:08:27,0,100,849,1,2024-10-30 15:08:28,R_2uKdVc1Oeltw1mQ,anonymous,EN,1,,0,0,,1,68,1,7,1,4,3,3,2,1,2,1,2,4,1,2,2,3,4,4,2,1,5,1,5|3|1|2|4,5,5,5,4,4,6,7,5,6,7,6,5,5,5|6|1|2|4|8|7|3,2,4,4,1,4,1|2|4|3|5,1,1,2|1,3,2,1,4,5,2,5,7,7,6,7,7,7,6,7,7,7,6,5|2|8|10|4|11|3|1|6|7|9,2,1|4|2|3,4,4,5,3,3,2,Condition1_Eco
2024-10-23 16:13:10,2024-10-23 16:13:17,0,12,6,0,2024-10-30 15:13:19,R_3fjz5MlrDPF962B,anonymous,EN,1,,0,0,,1,,,,,,,,,,,,,,,,,,,,,,,,,,,,,,,,,,,,,,,,,,,,,,,,,,,,,,,,,,,,,,,,,,,,,,,,,,,
2024-10-23 17:15:24,2024-10-23 17:17:27,0,8,122,0,2024-10-30 16:17:32,R_umtr7EMnVYZdzdT,anonymous,EN,0.800000011920929,,0,0,,2,,,,,,,,,,,,,,,,,,,,,,,,,,,,,,,,,,,,,,,,,,,,,,,,,,,,,,,,,,,,,,,,,,,,,,,,,,,
2024-10-23 17:15:19,2024-10-23 17:28:13,0,73,774,0,2024-10-30 16:28:16,R_4OQuuNnADUL8mw9,anonymous,EN,0.10000000149011612,,0,0,,1,73,1,4,4,1,2,2,2,1,2,1,1,5,4,3,4,2,4,1,3,1,3,3,4|5|1|3|2,3,2,1,1,1,7,4,6,4,4,4,6,6,3|5|8|6|2|4|7|1,,,,,,,,,,,,,,,,,,,,,,,,,,,,,,,,,,,,,Condition2_Env
2024-10-30 16:38:58,2024-10-30 16:48:54,0,100,595,1,2024-10-30 16:48:55,R_1QGvlDqTBDA9iez,anonymous,EN,0.800000011920929,,0,0,,1,68,2,4,4,1,2,2,1,1,2,1,1,4,2,3,4,1,5,4,1,1,5,4,4|2|1|5|3,4,2,1,1,1,7,6,7,3,7,6,7,6,8|7|2|4|1|3|6|5,1,1,1,4,4,1|2|3|4|5,4,3,2|1,3,3,2,2,1,1,1,7,7,7,7,7,7,7,7,7,7,7,9|8|7|1|4|11|10|6|2|5|3,2,2|1|3|4,3,5,2,4,4,3,Condition2_Env
2024-10-23 17:56:59,2024-10-23 18:00:07,0,62,187,0,2024-10-30 17:00:10,R_3hlux3je2zFvJDs,anonymous,EN,0.8999999761581421,,0,30,,1,48,1,7,1,3,3,3,3,1,2,1,1,1,1,1,1,4,4,2,1,1,5,1,5|2|1|3|4,,,,,,,,,,,,,,,,,,,,,,,,,,,,,,,,,,,,,,,,,,,,,,,,,,,Condition3_Ctrl
2024-10-23 18:20:02,2024-10-23 18:29:29,0,46,567,0,2024-10-30 17:29:32,R_2AYEcsmpz7S4r0f,anonymous,EN,1,,0,0,,1,67,2,7,4,3,3,4,3,1,1,1,3,,,,,,,,,,,,,,,,,,,,,,,,,,,,,,,,,,,,,,,,,,,,,,,,,,,,,,,,,,,,,,,
2024-10-23 20:14:15,2024-10-23 20:18:12,0,69,236,0,2024-10-30 19:18:19,R_XOjkeGazlpPhkoF,anonymous,EN,1,,0,0,,1,64,1,7,1,4,3,3,2,1,2,2,1,2,1,1,1,4,5,2,1,1,5,1,2|3|5|4|1,5,5,5,5,5,,,,,,,,,,,,,,,,,,,,,,,,,,,,,,,,,,,,,,,,,,,,,,Condition1_Eco
2024-10-23 20:39:15,2024-10-23 20:39:38,0,8,22,0,2024-10-30 19:39:42,R_1lrGP7CiQGX08Wj,anonymous,EN,0.8999999761581421,,0,0,,2,,,,,,,,,,,,,,,,,,,,,,,,,,,,,,,,,,,,,,,,,,,,,,,,,,,,,,,,,,,,,,,,,,,,,,,,,,,
2024-10-23 21:01:27,2024-10-23 21:02:26,0,65,58,0,2024-10-30 20:02:30,R_6mawYUbAfUg9DuV,anonymous,EN,1,,0,0,,1,38,2,3,2,2,2,2,2,2,2,2,3,2,2,2,2,2,2,4,4,4,4,4,1|5|3|4|2,,,,,,,,,,,,,,,,,,,,,,,,,,,,,,,,,,,,,,,,,,,,,,,,,,,Condition2_Env
2024-10-23 21:49:00,2024-10-23 22:01:08,0,46,727,0,2024-10-30 21:01:10,R_1IuY5qOOsL7JXyd,anonymous,EN,1,,0,0,,1,56,1,2,1,2,4,1,2,2,2,1,1,,,,,,,,,,,,,,,,,,,,,,,,,,,,,,,,,,,,,,,,,,,,,,,,,,,,,,,,,,,,,,,
2024-10-23 20:58:03,2024-10-23 22:01:12,0,46,3788,0,2024-10-30 21:01:20,R_2wuePpi1Sk1kfrz,anonymous,EN,0.20000000298023224,,0,0,,1,43,1,2,1,2,4,1,3,1,2,1,1,,,,,,,,,,,,,,,,,,,,,,,,,,,,,,,,,,,,,,,,,,,,,,,,,,,,,,,,,,,,,,,
2024-10-24 06:59:48,2024-10-24 07:03:16,0,69,207,0,2024-10-31 06:03:19,R_3lMQinRVMqBT2Mv,anonymous,EN,1,,0,0,,1,53,1,7,1,2,1,3,2,1,1,1,2,4,2,2,4,4,4,1,2,4,4,3,5|1|3|4|2,4,4,3,1,1,,,,,,,,,,,,,,,,,,,,,,,,,,,,,,,,,,,,,,,,,,,,,,Condition2_Env
2024-10-24 08:12:42,2024-10-24 08:13:04,0,12,21,0,2024-10-31 07:13:04,R_2YkT1r4dVvEjF3d,anonymous,EN,1,,0,0,,1,,,,,,,,,,,,,,,,,,,,,,,,,,,,,,,,,,,,,,,,,,,,,,,,,,,,,,,,,,,,,,,,,,,,,,,,,,,
2024-10-24 08:07:46,2024-10-24 08:18:03,0,73,617,0,2024-10-31 07:18:04,R_1LZ4WIyeq1QLkKb,anonymous,EN,1,,0,0,,1,66,1,3,4,2,2,3,3,1,1,1,1,2,4,4,4,3,4,4,2,4,4,2,2|1|4|5|3,3,3,4,4,4,5,6,4,3,4,4,5,6,3|4|5|1|2|8|7|6,,,,,,,,,,,,,,,,,,,,,,,,,,,,,,,,,,,,,Condition3_Ctrl
2024-10-24 08:56:38,2024-10-24 09:02:27,0,62,349,0,2024-10-31 08:02:32,R_2qz7zHLzGlmT3To,anonymous,EN,1,,0,0,,1,71,1,4,4,2,1,1,2,1,2,3,3,1,1,1,1,4,5,2,1,1,4,1,5|1|2|4|3,,,,,,,,,,,,,,,,,,,,,,,,,,,,,,,,,,,,,,,,,,,,,,,,,,,Condition1_Eco
2024-10-24 09:33:33,2024-10-24 09:35:54,0,46,141,0,2024-10-31 08:36:00,R_2ysE3lEQ2y4Q7EJ,anonymous,EN,1,,0,0,,1,55,1,8,1,2,2,4,1,1,1,1,2,,,,,,,,,,,,,,,,,,,,,,,,,,,,,,,,,,,,,,,,,,,,,,,,,,,,,,,,,,,,,,,
2024-10-31 10:38:33,2024-10-31 11:04:27,0,100,1554,1,2024-10-31 11:04:28,R_A6AFVdH2IYxwlYB,anonymous,EN,1,,0,25,,1,27,1,4,1,2,3,4,2,1,2,1,3,2,1,1,2,5,5,1,1,3,5,1,1|4|3|2|5,5,5,4,1,1,7,6,7,5,1,4,6,6,7|1|4|8|6|5|3|2,4,4,3,4,4,2|4|3|1|5,5,4,2|1,2,3,3,4,4,2,5,6,6,5,7,6,6,5,6,7,7,5,9|2|3|1|4|5|8|10|7|6|11,4,4|3|1|2,3,4,4,3,4,5,Condition3_Ctrl
2024-10-24 14:54:25,2024-10-24 14:59:15,0,12,290,0,2024-10-31 13:59:17,R_10pwwMvu5bpbYH3,anonymous,EN,1,,0,0,,1,,,,,,,,,,,,,,,,,,,,,,,,,,,,,,,,,,,,,,,,,,,,,,,,,,,,,,,,,,,,,,,,,,,,,,,,,,,
2024-10-24 15:51:28,2024-10-24 15:55:48,0,12,259,0,2024-10-31 14:55:50,R_3iEzdXBcPhYZ8Z7,anonymous,EN,1,,0,0,,1,,,,,,,,,,,,,,,,,,,,,,,,,,,,,,,,,,,,,,,,,,,,,,,,,,,,,,,,,,,,,,,,,,,,,,,,,,,
2024-10-24 16:50:25,2024-10-24 16:56:20,0,46,354,0,2024-10-31 15:56:21,R_PFA9gkgI5b9ny5r,anonymous,EN,0.5,,0,0,,1,64,1,1,1,1,4,5,3,1,1,1,3,,,,,,,,,,,,,,,,,,,,,,,,,,,,,,,,,,,,,,,,,,,,,,,,,,,,,,,,,,,,,,,
2024-10-24 17:03:20,2024-10-24 17:11:35,0,85,495,0,2024-10-31 16:11:41,R_1OK72mKWipCUnDI,anonymous,EN,1,,0,0,,1,55,1,9,1,4,4,5,2,1,1,1,2,2,1,1,2,2,2,2,1,1,4,2,3|2|5|1|4,4,4,4,4,4,5,6,5,6,5,6,6,6,2|6|7|8|1|5|4|3,4,5,5,1,5,4|2|1|3|5,5,5,2|1,1,1,1,4,1,1,1,,,,,,,,,,,,,,,,,,,,,Condition3_Ctrl
2024-10-25 06:26:46,2024-10-25 06:33:06,0,46,379,0,2024-11-01 05:33:11,R_2QgHs9VF1RBVg8y,anonymous,EN,0.8999999761581421,,0,0,,1,65,1,6,4,3,3,5,5,1,2,1,3,,,,,,,,,,,,,,,,,,,,,,,,,,,,,,,,,,,,,,,,,,,,,,,,,,,,,,,,,,,,,,,
2024-10-25 10:36:53,2024-10-25 10:38:11,0,12,78,0,2024-11-01 09:38:12,R_stI78MNw7aixz1L,anonymous,EN,0.20000000298023224,,0,0,,1,,,,,,,,,,,,,,,,,,,,,,,,,,,,,,,,,,,,,,,,,,,,,,,,,,,,,,,,,,,,,,,,,,,,,,,,,,,
2024-11-01 11:14:50,2024-11-01 11:37:52,0,100,1382,1,2024-11-01 11:37:53,R_31dE7kQ3egGcz4J,anonymous,EN,1,,0,0,,1,64,1,2,1,5,4,1,1,1,2,1,3,4,1,1,1,5,5,1,1,1,5,1,3|1|2|5|4,5,5,5,4,4,7,6,2,7,7,7,7,7,3|7|2|6|4|8|5|1,5,5,5,4,5,3|1|2|4|5,4,4,1|2,1,1,1,3,2,1,2,7,7,7,7,7,7,7,7,7,7,7,6|10|9|4|1|7|3|2|11|5|8,2,1|4|3|2,5,5,5,5,5,4,Condition1_Eco
2024-11-01 11:52:26,2024-11-01 12:04:06,0,100,699,1,2024-11-01 12:04:07,R_2E3Or7mLQlgyd2L,anonymous,EN,1,,0,0,,1,48,1,7,1,5,4,5,5,2,2,1,1,5,4,3,3,1,5,3,1,1,5,1,5|3|1|2|4,2,2,1,1,1,6,6,6,6,6,6,6,6,4|6|7|8|2|3|5|1,1,1,1,5,1,4|2|1|3|5,2,2,1|2,6,6,6,6,6,6,6,7,7,7,7,7,7,7,7,7,7,7,2|1|4|11|6|5|8|10|3|7|9,1,4|2|3|1,3,5,3,4,5,5,Condition2_Env
2024-11-01 12:59:52,2024-11-01 13:15:55,0,100,963,1,2024-11-01 13:15:56,R_2EGpe86epjCbvkg,anonymous,EN,0.8999999761581421,,0,0,,1,36,1,4,1,1,2,2,2,1,2,2,2,5,1,1,3,2,5,1,1,1,4,2,1|2|5|3|4,5,5,4,1,1,6,6,6,7,7,7,7,6,3|8|5|6|4|2|1|7,2,5,5,5,5,4|3|2|1|5,4,5,2|1,2,1,1,4,2,1,1,7,7,7,7,7,7,7,7,7,7,7,4|9|3|1|5|2|11|10|7|6|8,4,2|1|4|3,3,5,5,5,4,2,Condition3_Ctrl
2024-11-02 19:13:51,2024-11-02 19:25:54,0,100,723,1,2024-11-02 19:25:55,R_tEhzHdgTcZXuqDn,anonymous,EN,0.5,,0,0,,1,44,1,7,1,4,4,4,4,1,2,1,2,2,2,2,2,4,5,2,2,2,3,3,3|4|5|1|2,4,4,4,3,3,5,6,5,3,4,5,4,3,4|8|7|1|3|6|5|2,3,4,4,1,4,1|4|3|2|5,4,5,2|1,3,2,2,4,4,3,2,6,5,5,6,6,6,6,6,6,7,7,3|1|2|6|4|7|5|11|10|8|9,4,2|1|3|4,3,4,4,2,2,2,Condition2_Env
2024-11-03 20:00:45,2024-11-03 20:06:49,0,100,363,1,2024-11-03 20:06:49,R_3R7vzjdDDbIoA1P,anonymous,EN,1,,0,0,,1,49,1,7,1,4,4,4,4,1,1,1,1,3,4,3,3,3,3,2,1,2,4,2,2|1|3|5|4,4,4,4,4,3,6,6,6,6,6,6,6,6,3|8|5|4|1|7|2|6,3,3,4,3,3,1|2|4|3|5,4,4,1|2,2,2,2,2,4,2,2,6,6,6,6,6,6,6,6,6,6,6,3|4|1|5|2|7|9|8|6|10|11,1,1|4|3|2,4,4,4,4,4,4,Condition1_Eco
2024-10-29 08:41:03,2024-10-29 08:42:27,0,50,84,0,2024-11-05 08:42:28,R_3PgXOWzFV2gJtaX,anonymous,EN,1,,0,20,,1,35,1,7,1,5,5,5,5,1,2,3,3,1,1,1,1,1,1,,,,,,,,,,,,,,,,,,,,,,,,,,,,,,,,,,,,,,,,,,,,,,,,,,,,,,,,,
2024-11-05 15:55:16,2024-11-05 16:07:15,0,100,718,1,2024-11-05 16:07:15,R_2QzVUrje4twbaQF,anonymous,EN,0.10000000149011612,,0,0,,1,26,2,4,1,1,1,5,1,1,2,3,1,1,1,1,1,5,5,1,1,3,5,1,1|5|3|4|2,5,5,3,3,3,7,7,4,7,7,7,7,4,7|2|1|5|3|6|4|8,5,5,2,1,5,2|1|3|4|5,5,3,2|1,3,3,3,4,4,4,4,7,7,4,7,7,7,7,7,7,7,7,6|1|8|5|10|9|11|3|7|2|4,1,3|4|1|2,3,3,5,1,3,1,Condition3_Ctrl
2024-10-30 13:48:24,2024-10-30 13:53:29,0,69,305,0,2024-11-06 13:53:33,R_QlFTNfsCB6x7PXz,anonymous,EN,0.800000011920929,,0,0,,1,40,1,2,1,2,3,3,3,1,1,1,1,4,3,3,3,4,4,3,1,2,4,3,3|2|1|4|5,4,3,4,3,3,,,,,,,,,,,,,,,,,,,,,,,,,,,,,,,,,,,,,,,,,,,,,,Condition1_Eco
2024-11-05 23:29:36,2024-11-05 23:40:20,0,46,644,0,2024-11-12 23:40:21,R_3CVZXWOs8dngP2M,anonymous,EN,0.6000000238418579,,0,75,,1,74,1,5,4,1,3,1,1,1,2,3,1,,,,,,,,,,,,,,,,,,,,,,,,,,,,,,,,,,,,,,,,,,,,,,,,,,,,,,,,,,,,,,,
