StartDate,EndDate,Status,Progress,Duration (in seconds),Finished,RecordedDate,ResponseId,DistributionChannel,UserLanguage,Q_RecaptchaScore,Q_RelevantIDDuplicate,Q_RelevantIDDuplicateScore,Q_RelevantIDFraudScore,Q_RelevantIDLastStartDate,Q35_Consent2,Q3_Age,Q4_Gender,Q5_Edu_level,Q7_Pol_Ideology_1,Q8_Emp,Q10_Trust_1,Q10_Trust_2,Q10_Trust_3,Q10_Trust_4,Q11_WE_Home,Q12_WE_Visit,Q13_WE_Emp,Q14_WE_Invest,Q15_WT_Dist,Q16_WEUse,Q17_Know_1,Q17_Know_2,Q17_Know_3,Q17_Know_4,Q17_Know_5,Q17_Know_6,Q18,Q20_Env_Concern_1,Q20_Env_Concern_2,Q20_Env_Concern_3,Q20_Env_Concern_4,Q20_Env_Concern_5,Q20_Env_Concern_DO,Q24_SA_Att_1,Q24_SA_Att_2,Q24_SA_Att_3,Q24_SA_Att_4,Q24_SA_Att_5,Q25_SA_Fact_1,Q25_SA_Fact_2,Q25_SA_Fact_3,Q25_SA_Fact_4,Q25_SA_Fact_5,Q25_SA_Fact_6,Q25_SA_Fact_7,Q25_SA_Fact_8,Q25_SA_Fact_DO,Q26_SA_Behav_1,Q26_SA_Behav_2,Q26_SA_Behav_3,Q26_SA_Behav_4,Q26_SA_Behav_5,Q26_SA_Behav_DO,Q27_WTP,Q28_Acc_1,Q28_Acc_2,Q28_Acc_DO,Q29_Eco_Perc_1,Q29_Eco_Perc_2,Q29_Eco_Perc_3,Q29_Eco_Perc_4,Q29_Eco_Perc_5,Q29_Eco_Perc_6,Q29_Eco_Perc_7,Q30_Env_Id_1,Q30_Env_Id_2,Q30_Env_Id_3,Q30_Env_Id_4,Q30_Env_Id_5,Q30_Env_Id_6,Q30_Env_Id_7,Q30_Env_Id_8,Q30_Env_Id_9,Q30_Env_Id_10,Q30_Env_Id_11,Q30_Env_Id_DO,Q31_Check,Q31_Check_DO,Q32_Social_Norm_1,Q32_Social_Norm_2,Q32_Social_Norm_3,Q33_Comm_ID_1,Q33_Comm_ID_2,Q33_Comm_ID_3,Q34_TrustP_1,Q34_TrustP_2,Q34_TrustP_3,FL_24_DO
Start Date,End Date,Response Type,Progress,Duration (in seconds),Finished,Recorded Date,Response ID,Distribution Channel,User Language,Q_RecaptchaScore,Q_RelevantIDDuplicate,Q_RelevantIDDuplicateScore,Q_RelevantIDFraudScore,Q_RelevantIDLastStartDate,"Περίοδος Αποθήκευσης Δεδομένων: Τα στοιχεία σας θα παραμείνουν ανώνυμα κατά τη συλλογή. Δεδομένου ότι τα ανώνυμα δεδομένα δεν έχουν προσωπικά αναγνωριστικά, θα αποθηκευτούν και θα διατηρηθούν για ερευνητικούς σκοπούς.



Επικοινωνία: Εάν έχετε οποιαδήποτε ερώτηση, μπορείτε να απευθυνθείτε στο άτομο που διεξάγει την έρευνα Ή μπορείτε να επικοινωνήσετε με την ερευνητική ομάδα -

	Roopali Bhatnagar (rbh.msc@cbs.dk), Copenhagen Business School, Δανία.
	Δημήτριος Κατσαπρακάκης (dkatsap@hmu.gr), Ελληνικό Μεσογειακό Πανεπιστήμιο, Ελλάδα.



Το Copenhagen Business School είναι υπεύθυνο για την πρόσβαση και την επεξεργασία των δεδομένων.



Εάν έχετε οποιαδήποτε ερώτηση σχετικά με την ασφάλεια των δεδομένων που δεν θέλετε να κοινοποιήσετε στα μέλη της ερευνητικής ομάδας, μπορείτε να επικοινωνήσετε με τον Υπεύθυνο Προστασίας Δεδομένων του Copenhagen Business School (DPO) - τον κ. Jesper Smedegaard Madsen (dpo@cbs.dk).



Εάν έχετε διαβάσει και κατανοήσει τις παραπάνω πληροφορίες, παρακαλώ επιλέξτε παρακάτω -",Ποια είναι η ηλικία σας (σε έτη);,Ποιο είναι το φύλο σας;,Ποιο είναι το υψηλότερο επίπεδο εκπαίδευσης που έχετε ολοκληρώσει;,Ακολουθεί μια κλίμακα 7 βαθμών που δείχνει την πιθανή πολιτική ιδεολογία που κυμαίνεται από εξαιρετικά φιλελεύθερη (αριστερά) έως εξαιρετικά συντηρητική (δεξιά). Πού θα τοποθετούσατε τον εαυτό σας σε αυτή την κλίμακα; - Πολιτική Ιδεολογία,Τι περιγράφει καλύτερα την τρέχουσα εργασιακή σας κατάσταση;,Πόση αξιοπιστία έχετε: - Στην εθνική κυβέρνηση;,Πόση αξιοπιστία έχετε: - Στην τοπική αυτοδιοίκηση (π.χ. επίπεδο δήμου;,Πόση αξιοπιστία έχετε: - Στους σχεδιαστές έργων αιολικής ενέργειας;,Πόση αξιοπιστία έχετε: - Στους πάροχους ενέργειας;,Μένετε κοντά σε αιολικό πάρκο;,Έχετε δει ποτέ μια ανεμογεννήτρια από κοντά ή έχετε επισκεφθεί ένα αιολικό πάρκο;,"Η απασχόλησή σας συνδέεται με οποιονδήποτε τρόπο με την αιολική βιομηχανία (π.χ. προγραμματιστής, επενδυτής, σύμβουλος, διαχειριστής έργου, υπεύθυνος χάραξης πολιτικής);","Έχετε ήδη επενδύσει σε ένα αιολικό πάρκο στην κοινότητα, την περιοχή ή τη χώρα σας;",Σε ποια απόσταση περίπου βρίσκονται οι ανεμογεννήτριες από τον τόπο διαμονής σας (σε χλμ);,Χρησιμοποιείτε ηλεκτρική ενέργεια που παράγεται από την αιολική ενέργεια στο σπίτι ή στην εργασία;,Παρακαλούμε δηλώστε τη γνώμη σας για τις ακόλουθες προτάσεις: - Οι ανεμογεννήτριες σκοτώνουν τα πτηνά,"Παρακαλούμε δηλώστε τη γνώμη σας για τις ακόλουθες προτάσεις: - Η αιολική ενέργεια είναι ακριβή και δεν μπορεί να ανταγωνιστεί τις παραδοσιακές πηγές ενέργειας (π.χ. άνθρακας, πετρέλαιο)",Παρακαλούμε δηλώστε τη γνώμη σας για τις ακόλουθες προτάσεις: - Η αιολική ενέργεια θα αυξήσει τον μηνιαίο λογαριασμό ενέργειας.,Παρακαλούμε δηλώστε τη γνώμη σας για τις ακόλουθες προτάσεις: - Οι ανεμογεννήτριες είναι θορυβώδεις και μπορούν να επηρεάσουν την υγεία.,Παρακαλούμε δηλώστε τη γνώμη σας για τις ακόλουθες προτάσεις: - Περίπου το 95% μιας ανεμογεννήτριας μπορεί να ανακυκλωθεί.,Παρακαλούμε δηλώστε τη γνώμη σας για τις ακόλουθες προτάσεις: - Η παραγωγή ενέργειας από ανεμογεννήτριες δεν εκπέμπει αέρια θερμοκηπίου.,Ποια είναι η κύρια πηγή παραγωγής ηλεκτρικής ενέργειας στην Ελλάδα(2024);,"Παρακαλούμε δηλώστε τη γνώμη σας για τις ακόλουθες προτάσεις: - Η κλιματική αλλαγή είναι πέρα από κάθε έλεγχο, είναι πολύ αργά για να κάνουμε οτιδήποτε γι' αυτήν.",Παρακαλούμε δηλώστε τη γνώμη σας για τις ακόλουθες προτάσεις: - Οι επιπτώσεις της κλιματικής αλλαγής είναι πολύ μακριά στο μέλλον για να με ανησυχήσουν πραγματικά.,Παρακαλούμε δηλώστε τη γνώμη σας για τις ακόλουθες προτάσεις: - Το περιβάλλον έχει χαμηλή προτεραιότητα σε σύγκριση με άλλα πράγματα στη ζωή μου.,"Παρακαλούμε δηλώστε τη γνώμη σας για τις ακόλουθες προτάσεις: - Εάν τα πράγματα συνεχίσουν την τρέχουσα πορεία τους, σύντομα θα ζήσουμε μια μεγάλη περιβαλλοντική καταστροφή.",Παρακαλούμε δηλώστε τη γνώμη σας για τις ακόλουθες προτάσεις: - Η λεγόμενη «περιβαλλοντική κρίση» που αντιμετωπίζει η ανθρωπότητα έχει προβληθεί υπερβολικά.,Παρακαλούμε δηλώστε τη γνώμη σας για τις ακόλουθες προτάσεις: - Display Order,"Παρακαλούμε δηλώστε τη γνώμη σας για τις ακόλουθες προτάσεις: - Είμαι υπέρ της τεχνολογίας της αιολικής ενέργειας, γενικά.",Παρακαλούμε δηλώστε τη γνώμη σας για τις ακόλουθες προτάσεις: - Είμαι υπέρ της κατασκευής αιολικών πάρκων στη χώρα μου.,Παρακαλούμε δηλώστε τη γνώμη σας για τις ακόλουθες προτάσεις: - Είμαι υπέρ της κατασκευής αιολικού πάρκου στην περιοχή μου (10-15 χλμ. από την κατοικία μου).,Παρακαλούμε δηλώστε τη γνώμη σας για τις ακόλουθες προτάσεις: - Είμαι υπέρ της κατασκευής αιολικού πάρκου στο δήμο μου (3-5 χλμ. από την κατοικία μου).,Παρακαλούμε δηλώστε τη γνώμη σας για τις ακόλουθες προτάσεις: - Είμαι υπέρ της κατασκευής ενός αιολικού πάρκου στην κοινότητά μου (1-2 χλμ. από την κατοικία μου).,"Για να σχηματίσετε τη γνώμη σας για την αιολική ενέργεια, αναφέρετε πόσο σημαντικοί είναι οι ακόλουθοι παράγοντες: - Περιβαλλοντικά ζητήματα (π.χ. επιπτώσεις στη βιοποικιλότητα, την άγρια ζωή, το οικοσύστημα).","Για να σχηματίσετε τη γνώμη σας για την αιολική ενέργεια, αναφέρετε πόσο σημαντικοί είναι οι ακόλουθοι παράγοντες: - Κλιματικά ζητήματα (π.χ. υπερθέρμανση του πλανήτη, εκπομπές CO2).","Για να σχηματίσετε τη γνώμη σας για την αιολική ενέργεια, αναφέρετε πόσο σημαντικοί είναι οι ακόλουθοι παράγοντες: - Ζητήματα που σχετίζονται με το τοπίο (π.χ. οπτικές επιπτώσεις, θόρυβος, τοποθεσία αιολικών πάρκων).","Για να σχηματίσετε τη γνώμη σας για την αιολική ενέργεια, αναφέρετε πόσο σημαντικοί είναι οι ακόλουθοι παράγοντες: - Οικονομικά ζητήματα (π.χ. ευκαιρίες απασχόλησης, κοινοτικά οφέλη, αποζημιώσεις, αξίες ακινήτων, τιμή ηλεκτρικής ενέργειας).","Για να σχηματίσετε τη γνώμη σας για την αιολική ενέργεια, αναφέρετε πόσο σημαντικοί είναι οι ακόλουθοι παράγοντες: - Θέματα υγείας (π.χ. ενόχληση, άγχος).","Για να σχηματίσετε τη γνώμη σας για την αιολική ενέργεια, αναφέρετε πόσο σημαντικοί είναι οι ακόλουθοι παράγοντες: - Θέματα πολιτικής (π.χ. φόροι, λήψη πολιτικών αποφάσεων, ενεργειακή πολιτική).","Για να σχηματίσετε τη γνώμη σας για την αιολική ενέργεια, αναφέρετε πόσο σημαντικοί είναι οι ακόλουθοι παράγοντες: - Άλλα ζητήματα (π.χ. εμπιστοσύνη στις τοπικές αρχές, κατασκευαστές αιολικής ενέργειας, αιολική βιομηχανία, δίκαιη λήψη αποφάσεων).","Για να σχηματίσετε τη γνώμη σας για την αιολική ενέργεια, αναφέρετε πόσο σημαντικοί είναι οι ακόλουθοι παράγοντες: - Τεχνικά ζητήματα (π.χ. μέγεθος ανεμογεννητριών, αριθμός ανεμογεννητριών σε ένα αιολικό πάρκο, σχεδιασμός ανεμογεννητριών, ικανότητα ανακύκλωσης τουρμπινών).","Για να σχηματίσετε τη γνώμη σας για την αιολική ενέργεια, αναφέρετε πόσο σημαντικοί είναι οι ακόλουθοι παράγοντες: - Display Order","Στους επόμενους 12 μήνες, θα ήσασταν διατεθειμένοι να: - Να προσφέρετε εθελοντικά ως υποστηρικτής αιολικής ενέργειας στην τοπική σας κοινότητα (π.χ. 1 ώρα κάθε εβδομάδα);","Στους επόμενους 12 μήνες, θα ήσασταν διατεθειμένοι να: - Να συμμετάσχετε σε μια κοινότητα αιολικής ενέργειας στην περιοχή σας;","Στους επόμενους 12 μήνες, θα ήσασταν διατεθειμένοι να: - Να επενδύσετε σε κοινοτικό αιολικό πάρκο του δήμου σας;","Στους επόμενους 12 μήνες, θα ήσασταν διατεθειμένοι να: - Να συμμετάσχετε σε δράσεις διαμαρτυρίας ή σε πρωτοβουλίες πολιτών ενάντια στο προγραμματισμένο έργο αιολικής ενέργειας στην τοπική σας κοινότητα;","Στους επόμενους 12 μήνες, θα ήσασταν διατεθειμένοι να: - Να συμμετάσχετε σε διαβουλεύσεις πολιτών για ένα αιολικό πάρκο στην τοπική σας κοινότητα;","Στους επόμενους 12 μήνες, θα ήσασταν διατεθειμένοι να: - Display Order","Σε μια κλίμακα από 0 - 20 ευρώ, αναφέρετε πόσα είστε διατεθειμένοι να πληρώσετε κάθε μήνα, για να υποστηρίξετε έργα αιολικής ενέργειας στην περιοχή ή την κοινότητά σας:","Για εσάς, πόσο αποδεκτά είναι: - Χερσαία (στην ξηρά) αιολικά πάρκα;","Για εσάς, πόσο αποδεκτά είναι: - Υπεράκτια (στη θάλασσα) αιολικά πάρκα;","Για εσάς, πόσο αποδεκτά είναι: - Display Order",Πόσο ακριβή πιστεύετε ότι είναι η παραγωγή ηλεκτρικής ενέργειας από αυτές τις πηγές; - Υπεράκτιος άνεμος,Πόσο ακριβή πιστεύετε ότι είναι η παραγωγή ηλεκτρικής ενέργειας από αυτές τις πηγές; - Άνεμος στην ξηρά,Πόσο ακριβή πιστεύετε ότι είναι η παραγωγή ηλεκτρικής ενέργειας από αυτές τις πηγές; - Ηλιακή,Πόσο ακριβή πιστεύετε ότι είναι η παραγωγή ηλεκτρικής ενέργειας από αυτές τις πηγές; - Φυσικό αέριο,Πόσο ακριβή πιστεύετε ότι είναι η παραγωγή ηλεκτρικής ενέργειας από αυτές τις πηγές; - Άνθρακας,Πόσο ακριβή πιστεύετε ότι είναι η παραγωγή ηλεκτρικής ενέργειας από αυτές τις πηγές; - Υδροηλεκτρική,Πόσο ακριβή πιστεύετε ότι είναι η παραγωγή ηλεκτρικής ενέργειας από αυτές τις πηγές; - Πυρηνική,"Σημειώστε τον βαθμό στον οποίο καθεμία από τις ακόλουθες δηλώσεις σας περιγράφει: - Μου αρέσει να περνάω χρόνο σε εξωτερικούς χώρους σε φυσικά περιβάλλοντα (π.χ. δάση, βουνά, ποτάμια, χωράφια, τοπικά πάρκα, λίμνη ή παραλία ή έναν καταπράσινο κήπο).","Σημειώστε τον βαθμό στον οποίο καθεμία από τις ακόλουθες δηλώσεις σας περιγράφει: - Θεωρώ τον εαυτό μου ως μέρος της φύσης, όχι κάτι ξεχωριστό από αυτήν.","Σημειώστε τον βαθμό στον οποίο καθεμία από τις ακόλουθες δηλώσεις σας περιγράφει: - Αν είχα αρκετούς πόρους όπως χρόνο ή χρήμα, θα ξόδευα μερικούς από αυτούς για να προστατεύσω το φυσικό περιβάλλον.","Σημειώστε τον βαθμό στον οποίο καθεμία από τις ακόλουθες δηλώσεις σας περιγράφει: - Όταν είμαι αναστατωμένος ή αγχωμένος, μπορώ να νιώσω καλύτερα περνώντας λίγο χρόνο σε εξωτερικούς χώρους στη φύση.",Σημειώστε τον βαθμό στον οποίο καθεμία από τις ακόλουθες δηλώσεις σας περιγράφει: - Το να συμπεριφέρομαι υπεύθυνα απέναντι στη φύση—το να ζήσω έναν βιώσιμο τρόπο ζωής—είναι σημαντικό για αυτό που είμαι.,Σημειώστε τον βαθμό στον οποίο καθεμία από τις ακόλουθες δηλώσεις σας περιγράφει: - Η μάθηση για τον φυσικό κόσμο πρέπει να είναι μέρος της ανατροφής του καθενός.,"Σημειώστε τον βαθμό στον οποίο καθεμία από τις ακόλουθες δηλώσεις σας περιγράφει: - Αν μπορούσα να επιλέξω, θα προτιμούσα να ζήσω όπου μπορώ να έχω θέα στο φυσικό περιβάλλον, όπως δέντρα ή χωράφια.",Σημειώστε τον βαθμό στον οποίο καθεμία από τις ακόλουθες δηλώσεις σας περιγράφει: - Ένα σημαντικό κομμάτι της ζωής μου θα έλειπε αν δεν μπορούσα να βγαίνω έξω και να απολαμβάνω τη φύση περιστασιακά.,Σημειώστε τον βαθμό στον οποίο καθεμία από τις ακόλουθες δηλώσεις σας περιγράφει: - Νιώθω ανανεωμένος όταν περνάω χρόνο στη φύση.,Σημειώστε τον βαθμό στον οποίο καθεμία από τις ακόλουθες δηλώσεις σας περιγράφει: - Νιώθω άνετα έξω στη φύση.,"Σημειώστε τον βαθμό στον οποίο καθεμία από τις ακόλουθες δηλώσεις σας περιγράφει: - Μου αρέσει να συναντώ στοιχεία της φύσης, όπως δέντρα ή γρασίδι, ακόμα και όταν βρίσκομαι σε πόλη.",Σημειώστε τον βαθμό στον οποίο καθεμία από τις ακόλουθες δηλώσεις σας περιγράφει: - Display Order,"Στην εικόνα και το κείμενο για την αιολική ενέργεια που σας παρουσιάστηκε νωρίτερα στην έρευνα, ποιο κόστος και ποια οφέλη αναφέρθηκαν;","Στην εικόνα και το κείμενο για την αιολική ενέργεια που σας παρουσιάστηκε νωρίτερα στην έρευνα, ποιο κόστος και ποια οφέλη αναφέρθηκαν; - Display Order",Παρακαλούμε δηλώστε τη γνώμη σας για τις ακόλουθες προτάσεις: - Πολλοί από τους γείτονες και τους φίλους μου χρησιμοποιούν ηλεκτρική ενέργεια που παράγεται από ανανεώσιμες πηγές ενέργειας.,"Παρακαλούμε δηλώστε τη γνώμη σας για τις ακόλουθες προτάσεις: - Η εξοικονόμηση ενέργειας αναμένεται από τους γείτονες, τους φίλους και την οικογένειά μου.",Παρακαλούμε δηλώστε τη γνώμη σας για τις ακόλουθες προτάσεις: - Οι άνθρωποι που με ενδιαφέρουν θα ενέκριναν τη συμμετοχή μου σε τοπικά έργα αιολικής ενέργειας.,Παρακαλούμε δηλώστε τη γνώμη σας για τις ακόλουθες προτάσεις: - Νιώθω πολύ δεμένος με την κοινότητα στην οποία ζω.,Παρακαλούμε δηλώστε τη γνώμη σας για τις ακόλουθες προτάσεις: - Υπάρχουν πολλοί άνθρωποι στην κοινότητά μου τους οποίους θεωρώ καλούς φίλους.,Παρακαλούμε δηλώστε τη γνώμη σας για τις ακόλουθες προτάσεις: - Συχνά μιλώ για την κοινότητά μου ως ένα εξαιρετικό μέρος για να ζήσω.,Παρακαλούμε δηλώστε τη γνώμη σας για τις ακόλουθες προτάσεις: - Θα λέγατε ότι οι περισσότεροι άνθρωποι είναι αξιόπιστοι ή ότι χρειάζεται να είστε πολύ προσεκτικοί στις συναλλαγές με τους ανθρώπους;,Παρακαλούμε δηλώστε τη γνώμη σας για τις ακόλουθες προτάσεις: - Πιστεύετε ότι οι περισσότεροι άνθρωποι θα προσπαθούσαν να σας εκμεταλλευτούν εάν τους δοθεί η ευκαιρία ή θα προσπαθούσαν να είναι δίκαιοι;,Παρακαλούμε δηλώστε τη γνώμη σας για τις ακόλουθες προτάσεις: - Θα λέγατε ότι τις περισσότερες φορές οι άνθρωποι προσπαθούν να βοηθήσουν ή ότι νοιάζονται κυρίως για τον εαυτό τους;,FL_24 - Block Randomizer - Display Order
"{""ImportId"":""startDate"",""timeZone"":""Europe/Berlin""}","{""ImportId"":""endDate"",""timeZone"":""Europe/Berlin""}","{""ImportId"":""status""}","{""ImportId"":""progress""}","{""ImportId"":""duration""}","{""ImportId"":""finished""}","{""ImportId"":""recordedDate"",""timeZone"":""Europe/Berlin""}","{""ImportId"":""_recordId""}","{""ImportId"":""distributionChannel""}","{""ImportId"":""userLanguage""}","{""ImportId"":""Q_RecaptchaScore""}","{""ImportId"":""Q_RelevantIDDuplicate""}","{""ImportId"":""Q_RelevantIDDuplicateScore""}","{""ImportId"":""Q_RelevantIDFraudScore""}","{""ImportId"":""Q_RelevantIDLastStartDate"",""timeZone"":""UTC""}","{""ImportId"":""QID54""}","{""ImportId"":""QID4_TEXT""}","{""ImportId"":""QID5""}","{""ImportId"":""QID6""}","{""ImportId"":""QID17_1""}","{""ImportId"":""QID27""}","{""ImportId"":""QID52_6""}","{""ImportId"":""QID52_7""}","{""ImportId"":""QID52_9""}","{""ImportId"":""QID52_10""}","{""ImportId"":""QID29""}","{""ImportId"":""QID30""}","{""ImportId"":""QID39""}","{""ImportId"":""QID42""}","{""ImportId"":""QID43_TEXT""}","{""ImportId"":""QID47""}","{""ImportId"":""QID41_1""}","{""ImportId"":""QID41_2""}","{""ImportId"":""QID41_3""}","{""ImportId"":""QID41_4""}","{""ImportId"":""QID41_5""}","{""ImportId"":""QID41_6""}","{""ImportId"":""QID46""}","{""ImportId"":""QID40_6""}","{""ImportId"":""QID40_7""}","{""ImportId"":""QID40_8""}","{""ImportId"":""QID40_9""}","{""ImportId"":""QID40_10""}","{""ImportId"":""QID40_DO""}","{""ImportId"":""QID34_1""}","{""ImportId"":""QID34_2""}","{""ImportId"":""QID34_3""}","{""ImportId"":""QID34_4""}","{""ImportId"":""QID34_5""}","{""ImportId"":""QID38_1""}","{""ImportId"":""QID38_2""}","{""ImportId"":""QID38_3""}","{""ImportId"":""QID38_4""}","{""ImportId"":""QID38_5""}","{""ImportId"":""QID38_6""}","{""ImportId"":""QID38_7""}","{""ImportId"":""QID38_8""}","{""ImportId"":""QID38_DO""}","{""ImportId"":""QID35_1""}","{""ImportId"":""QID35_2""}","{""ImportId"":""QID35_3""}","{""ImportId"":""QID35_4""}","{""ImportId"":""QID35_5""}","{""ImportId"":""QID35_DO""}","{""ImportId"":""QID36_TEXT""}","{""ImportId"":""QID37_1""}","{""ImportId"":""QID37_2""}","{""ImportId"":""QID37_DO""}","{""ImportId"":""QID51_6""}","{""ImportId"":""QID51_12""}","{""ImportId"":""QID51_7""}","{""ImportId"":""QID51_8""}","{""ImportId"":""QID51_9""}","{""ImportId"":""QID51_10""}","{""ImportId"":""QID51_11""}","{""ImportId"":""QID50_1""}","{""ImportId"":""QID50_13""}","{""ImportId"":""QID50_14""}","{""ImportId"":""QID50_4""}","{""ImportId"":""QID50_5""}","{""ImportId"":""QID50_6""}","{""ImportId"":""QID50_7""}","{""ImportId"":""QID50_8""}","{""ImportId"":""QID50_10""}","{""ImportId"":""QID50_11""}","{""ImportId"":""QID50_12""}","{""ImportId"":""QID50_DO""}","{""ImportId"":""QID49""}","{""ImportId"":""QID49_DO""}","{""ImportId"":""QID48_1""}","{""ImportId"":""QID48_2""}","{""ImportId"":""QID48_3""}","{""ImportId"":""QID44_1""}","{""ImportId"":""QID44_2""}","{""ImportId"":""QID44_3""}","{""ImportId"":""QID45_1""}","{""ImportId"":""QID45_2""}","{""ImportId"":""QID45_3""}","{""ImportId"":""FL_24_DO""}"
09/06/24 05:50,09/06/24 05:58,0,100,495,1,09/06/24 05:58,R_1FhTQDhUWdtbOqd,anonymous,EN,0.8999999761581421,,0,10,,1,51,1,7,1,1,1,3,2,3,1,2,3,2,,4,4,1,1,3,2,5,4,2,1,1,3,1,4|3|1|5|2,4,4,4,4,4,6,7,6,6,6,5,5,6,8|5|3|4|7|2|6|1,5,5,5,4,5,1|3|4|2|5,10,5,5,1|2,4,1,1,5,3,1,5,7,7,7,7,7,7,7,7,7,7,7,8|5|1|2|4|10|7|3|11|6|9,1,3|1|4|2,4,3,4,4,4,4,2,4,3,Condition1_Eco
09/06/24 06:27,09/06/24 06:38,0,100,630,1,09/06/24 06:38,R_WrhTCblp48IAvVn,anonymous,EN,0.800000012,,0,0,,1,57,1,9,2,7,3,5,2,2,1,2,1,1,,1,4,1,1,4,3,3,5,2,1,1,4,2,4|3|1|5|2,4,4,1,1,1,7,6,6,6,7,6,7,7,2|4|3|8|6|5|1|7,1,2,1,4,2,3|1|4|2|5,0,2,2,1|2,2,2,1,4,3,2,4,5,5,5,6,6,6,5,6,7,6,6,10|9|3|7|2|11|1|4|8|5|6,1,4|3|1|2,3,3,3,3,4,4,1,1,1,Condition3_Ctrl
09/06/24 06:59,09/06/24 07:10,0,100,681,1,09/06/24 07:10,R_2uDnzAFTcn27DRc,anonymous,EN,0.699999988,,0,0,,1,55,2,5,2,1,4,4,4,4,1,2,1,3,,1,4,2,1,4,3,2,4,2,2,2,4,2,5|2|4|3|1,4,3,3,3,3,6,6,6,6,6,6,6,6,2|6|7|3|5|1|4|8,3,3,3,3,3,4|3|1|2|5,,3,3,2|1,2,2,2,3,2,2,4,6,6,6,6,6,6,6,6,6,6,6,3|4|1|8|10|7|5|9|11|6|2,2,1|2|3|4,4,4,3,4,3,4,5,6,5,Condition1_Eco
09/06/24 07:30,09/06/24 07:37,0,100,414,1,09/06/24 07:37,R_3HRHIIVcaDUKljC,anonymous,EN,1,,0,0,,1,72,1,7,2,4,4,4,4,4,1,2,1,1,,4,4,1,1,2,3,5,,2,1,1,1,1,3|4|2|5|1,5,4,4,4,3,6,7,5,5,6,5,6,5,3|6|8|5|4|2|7|1,3,3,3,2,3,1|4|3|2|5,2,4,3,2|1,2,2,2,2,4,2,3,7,6,6,6,6,6,7,6,6,6,7,2|7|4|10|8|9|5|11|1|3|6,1,2|3|4|1,4,4,3,3,4,4,4,4,4,Condition2_Env
09/06/24 08:19,09/06/24 08:35,0,100,997,1,09/06/24 08:35,R_SNR33lFrhygA7RL,anonymous,EN,1,,0,0,,1,43,1,5,4,1,5,5,3,2,1,2,3,1,,3,5,3,1,5,3,5,2,3,1,1,5,1,4|1|2|5|3,5,4,1,1,1,7,7,7,7,7,7,7,7,7|3|2|6|8|1|5|4,3,3,3,3,3,3|1|4|2|5,0,2,4,1|2,4,4,2,2,2,3,4,7,7,6,7,7,7,7,7,7,7,7,7|5|2|4|9|10|3|6|8|1|11,1,3|1|2|4,3,4,4,3,3,2,3,5,6,Condition3_Ctrl
09/06/24 09:23,09/06/24 09:36,0,100,803,1,09/06/24 09:36,R_2w06Fw22zFFSXTm,anonymous,EN,1,,0,0,,1,34,1,7,3,1,1,2,3,1,1,2,1,2,,5,1,1,1,2,5,4,3,1,1,1,5,1,3|1|2|5|4,4,4,4,4,4,6,6,4,6,6,5,7,4,5|4|1|3|7|8|6|2,5,5,5,2,5,1|3|4|2|5,20,5,5,2|1,2,2,1,4,4,3,5,7,7,7,6,7,7,7,7,7,7,6,6|9|8|10|1|7|3|4|5|11|2,1,4|2|1|3,4,4,5,4,5,5,5,5,5,Condition2_Env
09/06/24 09:26,09/06/24 09:54,0,100,1670,1,09/06/24 09:54,R_3L4QrmIrucm0wvb,anonymous,EN,1,,0,5,,1,48,1,8,2,1,2,2,2,3,1,2,1,2,,4,2,5,5,5,4,4,3,2,1,1,4,2,2|4|5|1|3,5,5,5,5,5,6,7,6,7,6,6,6,6,3|2|7|8|5|1|6|4,3,5,5,1,4,2|3|4|1|5,10,5,5,1|2,2,2,1,3,5,1,5,7,7,6,7,7,7,7,7,7,7,7,11|2|9|5|6|10|3|7|8|1|4,4,4|2|3|1,2,3,4,2,3,3,3,3,3,Condition3_Ctrl
09/06/24 09:19,09/06/24 10:03,0,100,2605,1,09/06/24 10:03,R_cJapiNCur7LnBV7,anonymous,EN,0.8999999761581421,,0,0,,1,45,1,6,4,1,2,2,4,2,1,2,2,1,,5,1,1,1,2,3,5,3,1,1,1,4,1,1|2|5|3|4,4,4,2,1,1,5,6,7,3,6,7,5,6,7|2|1|3|4|8|5|6,3,2,2,4,3,3|2|1|4|5,0,4,4,1|2,2,2,2,3,3,1,6,7,7,7,7,7,7,7,7,7,7,7,8|1|10|4|3|2|11|7|9|6|5,4,1|4|3|2,5,5,3,5,4,5,1,1,3,Condition1_Eco
09/06/24 10:13,09/06/24 10:26,0,100,750,1,09/06/24 10:26,R_2anuXo6BCphBhgO,anonymous,EN,1,,0,0,,1,61,1,4,1,4,1,3,2,2,1,1,1,3,,4,4,3,2,2,3,4,3,2,2,1,4,1,3|1|5|4|2,4,3,3,3,3,6,6,6,4,6,5,5,6,6|4|3|2|7|5|8|1,2,4,4,3,4,2|1|3|4|5,10,4,4,2|1,5,3,1,3,3,2,5,7,6,7,5,7,7,6,7,7,7,7,2|6|1|5|10|3|11|7|4|8|9,1,3|1|4|2,3,2,3,4,3,3,5,4,4,Condition2_Env
09/06/24 10:23,09/06/24 10:35,0,100,712,1,09/06/24 10:35,R_2t3erUEozLIiGVk,anonymous,EN,1,,0,0,,1,55,1,4,3,7,2,2,4,3,1,2,1,2,,1,1,1,2,1,5,4,3,3,3,4,2,4,1|4|5|3|2,5,5,5,5,5,1,5,5,7,4,6,7,5,5|2|6|1|4|8|3|7,1,4,2,1,1,3|2|1|4|5,5,5,5,1|2,3,3,3,2,2,2,1,2,1,1,1,2,5,4,1,1,3,1,9|8|6|11|4|3|2|1|7|10|5,1,1|4|3|2,1,2,3,2,2,2,1,1,2,Condition3_Ctrl
09/06/24 10:22,09/06/24 10:36,0,100,849,1,09/06/24 10:36,R_Rkm1QUCGexYD2U1,anonymous,EN,1,,0,0,,1,73,1,5,4,4,4,2,3,4,1,2,2,1,,3,3,1,1,2,4,5,,1,1,1,4,2,4|5|2|1|3,5,4,3,3,2,5,6,6,5,5,6,6,5,1|2|7|4|8|5|6|3,4,5,2,1,4,2|4|3|1|5,10,4,5,2|1,4,2,3,4,5,1,6,7,7,7,7,7,7,4,7,6,7,7,1|4|11|3|9|7|2|5|10|6|8,,4|3|2|1,3,4,3,3,2,4,3,4,4,Condition3_Ctrl
09/06/24 10:22,09/06/24 10:38,0,100,941,1,09/06/24 10:38,R_269oHwce9xOCDc6,anonymous,EN,0.10000000149011612,,0,115,,1,52,1,4,,1,1,2,1,3,1,2,1,1,,4,1,4,4,1,1,2,,2,1,2,5,3,1|2|4|3|5,2,2,3,3,3,6,4,7,3,2,5,7,7,3|7|8|5|4|1|6|2,2,2,1,3,3,1|4|2|3|5,0,3,3,2|1,6,5,2,5,3,1,5,7,7,6,7,7,7,7,7,7,7,7,11|4|1|2|5|6|8|3|7|9|10,4,3|4|1|2,4,5,5,3,4,3,3,4,3,Condition2_Env
09/06/24 10:23,09/06/24 10:43,0,100,1166,1,09/06/24 10:43,R_2xKIlUyY8t8s3UE,anonymous,EN,1,,0,0,,1,42,1,7,3,1,1,2,2,1,1,2,1,1,,5,4,4,3,3,5,1,4,4,1,1,5,1,4|1|2|5|3,5,4,4,4,4,7,7,7,7,7,7,7,7,3|8|4|6|2|7|1|5,4,5,5,2,5,4|3|1|2|5,5,4,4,2|1,6,6,6,6,6,6,6,7,7,7,7,7,7,7,7,7,7,7,9|8|11|5|4|10|3|6|7|2|1,4,3|1|2|4,5,5,5,3,4,4,2,2,2,Condition1_Eco
09/06/24 10:39,09/06/24 10:52,0,100,802,1,09/06/24 10:52,R_0Cx670VKDVEgW89,anonymous,EN,0.8999999761581421,,0,0,,1,45,1,4,3,1,2,1,2,1,1,1,1,2,,1,3,1,1,3,3,5,2,2,2,1,5,4,5|2|3|4|1,5,5,5,1,1,7,7,7,7,7,7,7,7,8|7|6|5|3|4|1|2,5,5,5,2,5,3|2|4|1|5,20,4,5,1|2,6,6,4,4,5,3,5,7,7,7,7,7,7,7,7,7,7,7,8|10|4|11|3|7|1|9|2|5|6,4,3|2|1|4,5,5,5,5,5,5,1,1,1,Condition3_Ctrl
09/06/24 10:57,09/06/24 11:10,0,100,792,1,09/06/24 11:10,R_30eNdWo3b6jKaLi,anonymous,EN,0.8999999761581421,,0,0,,1,41,1,7,5,1,5,5,5,3,1,2,1,2,,1,1,1,1,1,5,5,4,2,2,2,2,2,3|5|4|2|1,5,5,5,5,5,7,6,6,7,7,6,6,6,4|5|7|1|3|2|6|8,4,5,5,1,4,4|2|1|3|5,10,5,5,2|1,1,1,1,3,2,1,1,4,5,4,7,7,7,7,7,7,7,4,10|6|8|5|3|1|2|9|11|4|7,4,4|2|1|3,3,3,1,3,5,3,1,1,1,Condition1_Eco
09/06/24 11:01,09/06/24 11:12,0,100,678,1,09/06/24 11:12,R_d69V6KnAeVK5Awp,anonymous,EN,0.8999999761581421,,0,0,,1,54,1,8,5,2,3,3,3,3,1,2,1,1,,4,2,4,4,2,4,5,2,2,2,1,4,3,4|5|2|3|1,4,4,4,4,4,7,6,6,6,6,6,6,6,1|4|2|3|8|7|6|5,3,3,3,3,3,4|2|3|1|5,0,3,3,1|2,3,2,2,3,4,2,6,6,6,6,6,6,6,6,6,7,6,6,8|2|4|3|9|5|1|11|6|7|10,1,3|1|4|2,3,4,3,3,3,3,2,3,4,Condition2_Env
09/06/24 11:00,09/06/24 11:20,0,100,1173,1,09/06/24 11:20,R_3q7PftRYcsuWnoN,anonymous,EN,1,,0,0,,1,36,1,4,4,1,1,3,4,2,1,2,1,2,,4,1,1,1,2,4,5,4,2,1,1,5,1,4|2|3|5|1,5,5,5,4,2,6,7,6,5,7,3,5,6,5|3|4|7|2|8|6|1,4,4,4,3,4,1|4|2|3|5,20,5,5,2|1,5,4,3,4,3,5,5,7,7,7,7,7,7,7,7,7,7,7,5|8|10|11|9|2|4|3|6|1|7,4,1|4|3|2,2,1,4,4,5,4,1,1,1,Condition3_Ctrl
09/06/24 11:39,09/06/24 11:44,0,100,321,1,09/06/24 11:44,R_2CWk0Lf2zuBTJjM,anonymous,EN,0.8999999761581421,,0,25,,1,39,1,4,3,1,2,4,2,1,1,2,1,1,,3,4,4,4,5,2,5,2,4,1,3,5,4,4|1|3|5|2,2,2,2,2,2,6,6,6,7,7,7,6,6,2|8|7|3|5|6|4|1,1,1,1,5,1,1|4|3|2|5,0,1,1,1|2,1,1,6,3,1,4,1,7,7,7,7,7,7,7,7,7,7,7,4|2|11|8|5|3|9|6|10|1|7,2,4|1|2|3,2,4,1,2,4,4,2,7,7,Condition1_Eco
09/06/24 12:57,09/06/24 13:14,0,100,970,1,09/06/24 13:14,R_1gzhpHGBJA3Af0U,anonymous,EN,1,,0,0,,1,50,1,5,4,1,2,2,2,2,1,2,2,1,,3,3,1,2,2,3,4,3,1,1,1,4,3,2|4|5|1|3,5,5,3,3,3,6,7,5,5,5,5,7,6,2|1|8|7|4|6|3|5,3,3,3,3,3,2|1|3|4|5,1,4,4,1|2,3,3,2,4,4,3,4,4,6,7,6,7,7,5,6,6,6,6,1|7|10|2|9|6|4|3|11|8|5,1,1|2|3|4,2,5,4,4,5,4,5,5,6,Condition2_Env
09/06/24 11:52,09/06/24 13:31,0,100,5932,1,09/06/24 13:31,R_268vvunsw3Hi7La,anonymous,EN,1,,0,0,,1,67,1,7,2,1,3,4,4,4,1,2,3,3,,5,1,1,1,1,4,5,3,1,1,1,5,1,3|1|2|4|5,5,5,5,5,4,7,7,7,7,7,7,7,7,4|7|2|1|6|8|5|3,4,4,5,3,4,3|4|1|2|5,20,5,5,1|2,6,4,5,4,3,2,1,7,7,7,7,7,7,7,7,7,7,7,2|6|8|11|4|7|9|3|1|10|5,1,1|3|4|2,5,5,5,5,5,5,2,2,2,Condition3_Ctrl
09/06/24 13:53,09/06/24 14:07,0,100,837,1,09/06/24 14:07,R_blm446RQwvjtoA1,anonymous,EN,1,,0,0,,1,54,1,5,1,1,1,3,3,2,1,1,1,2,,4,3,1,2,4,3,5,4,1,1,1,5,1,2|5|3|1|4,5,4,5,4,2,6,6,6,6,6,6,6,6,5|3|7|1|6|4|2|8,3,5,4,3,4,2|4|3|1|5,5,4,4,1|2,5,4,2,4,4,2,5,7,7,6,7,7,7,6,7,7,7,7,3|6|10|5|8|4|7|11|1|9|2,1,1|2|3|4,4,3,4,3,4,3,3,5,3,Condition2_Env
09/06/24 10:51,09/06/24 14:42,0,100,13880,1,09/06/24 14:42,R_2QxkHsFm1KtCS7O,anonymous,EN,1,,0,0,,1,47,1,6,2,1,2,1,4,3,1,2,2,2,,3,4,1,1,1,5,5,3,2,1,1,5,1,4|3|5|1|2,5,5,5,5,4,7,7,7,6,1,7,7,7,4|7|3|8|6|5|1|2,3,5,5,1,5,2|3|1|4|5,10,5,5,1|2,5,2,1,5,6,1,6,6,7,7,6,7,7,7,7,6,7,7,9|2|5|11|4|7|10|3|6|1|8,4,2|3|4|1,4,3,5,4,4,4,3,5,4,Condition3_Ctrl
09/06/24 15:22,09/06/24 15:28,0,100,376,1,09/06/24 15:28,R_2E5moPr81rYDKP8,anonymous,EN,1,,0,0,,1,27,1,5,1,1,2,4,2,1,1,2,3,2,,4,2,1,1,1,4,5,3,1,1,1,5,1,5|2|1|3|4,5,5,5,5,5,6,7,6,7,4,7,7,5,5|2|6|7|1|8|4|3,5,5,5,2,5,3|1|2|4|5,5,5,5,2|1,4,2,1,5,5,2,5,7,7,7,7,7,7,7,7,7,7,7,9|4|1|10|8|6|2|5|11|3|7,2,4|3|2|1,4,2,5,4,4,3,5,5,5,Condition1_Eco
09/06/24 15:40,09/06/24 15:50,0,100,569,1,09/06/24 15:50,R_3m8hdrKKtObYZp2,anonymous,EN,0.4000000059604645,,0,0,,1,50,1,7,1,1,1,4,3,1,1,2,2,1,,1,3,2,2,2,3,4,4,1,1,1,4,3,2|3|5|4|1,4,3,2,1,4,6,5,7,5,3,6,7,5,5|8|1|4|7|2|6|3,3,4,4,3,5,2|1|4|3|5,0,3,3,2|1,2,2,1,5,5,3,5,7,7,6,7,7,7,7,7,7,7,7,4|1|5|9|10|7|2|6|11|3|8,1,1|4|3|2,3,3,3,5,5,3,5,3,2,Condition3_Ctrl
09/06/24 15:41,09/06/24 15:52,0,100,666,1,09/06/24 15:52,R_2960TkkxS3rirCh,anonymous,EN,1,,0,0,,1,64,1,7,2,1,3,4,3,1,1,2,3,1,,5,3,1,1,1,2,5,3,3,1,1,1,1,2|4|3|1|5,1,1,1,1,1,5,7,4,4,4,4,4,3,4|2|3|5|1|7|8|6,3,3,2,1,4,1|4|2|3|5,20,5,5,2|1,1,1,1,3,3,2,3,7,7,7,7,7,7,7,7,7,7,7,4|2|3|6|9|11|5|1|7|10|8,1,1|2|4|3,5,3,3,4,5,5,5,5,3,Condition2_Env
09/06/24 15:57,09/06/24 16:11,0,100,848,1,09/06/24 16:11,R_00vAqXCL2Fuufeh,anonymous,EN,0.20000000298023224,,0,50,,1,45,2,7,1,7,1,2,1,1,1,2,1,1,,1,5,5,3,5,1,1,3,5,1,1,5,1,3|2|4|1|5,1,1,1,1,1,7,7,7,6,7,7,7,7,5|1|3|4|6|8|2|7,1,1,1,5,5,2|1|3|4|5,0,1,3,2|1,6,6,6,6,6,6,6,7,7,7,7,7,7,7,7,7,7,7,1|4|11|8|6|5|9|2|10|3|7,,2|4|3|1,,,,,,,,,,Condition1_Eco
09/06/24 11:42,09/06/24 17:17,0,100,20104,1,09/06/24 17:17,R_3PRLoZRJ7FNIYBe,anonymous,EN,0.8999999761581421,,0,0,,1,53,2,7,4,1,2,4,2,1,1,2,3,2,,1,3,1,1,1,3,5,4,1,1,1,5,1,5|2|1|3|4,4,4,4,4,4,7,7,7,7,2,7,7,7,5|6|3|1|7|2|8|4,5,5,4,3,5,4|1|2|3|5,10,4,4,2|1,2,2,1,3,5,2,5,6,7,6,7,7,7,7,7,7,7,7,7|9|1|6|8|4|11|10|3|5|2,1,2|3|4|1,2,4,5,4,3,3,5,5,5,Condition1_Eco
09/06/24 17:10,09/06/24 17:25,0,100,902,1,09/06/24 17:25,R_3MfyRZU6UCF1K2a,anonymous,EN,0.8999999761581421,,0,0,,1,38,1,4,4,1,4,4,3,2,1,2,1,1,,2,3,2,3,3,1,1,3,1,1,1,5,3,2|3|5|4|1,2,2,2,2,2,7,6,7,3,7,6,7,3,8|4|2|6|7|1|5|3,1,2,4,1,2,4|1|3|2|5,,3,3,1|2,5,3,2,3,4,2,1,7,7,4,7,7,7,7,7,7,7,6,3|11|5|7|10|9|6|8|1|4|2,1,1|3|4|2,3,3,3,4,5,5,5,4,4,Condition2_Env
09/06/24 18:33,09/06/24 18:46,0,100,764,1,09/06/24 18:46,R_3oyF7RMhYspvKkE,anonymous,EN,0.8999999761581421,,0,0,,1,68,1,7,2,4,4,4,3,2,1,2,1,2,,1,3,1,1,3,4,5,4,3,1,1,5,1,4|3|2|1|5,5,5,4,4,3,3,7,6,6,6,6,6,6,1|8|4|6|2|3|5|7,3,4,4,2,4,3|2|4|1|5,20,5,4,2|1,3,2,1,1,5,2,5,7,7,7,7,7,7,6,7,7,7,7,10|11|4|5|2|3|7|9|8|6|1,2,4|1|3|2,3,3,4,4,4,4,3,3,3,Condition3_Ctrl
10/06/24 07:28,10/06/24 07:44,0,100,915,1,10/06/24 07:44,R_3r2hRaSbCU9AcxX,anonymous,EN,0.699999988,,0,0,,1,30,2,7,1,1,1,2,2,2,1,2,1,1,,4,3,1,1,1,3,5,2,1,1,1,5,1,3|2|5|1|4,4,4,4,4,4,7,7,6,7,6,7,7,6,2|4|1|6|5|3|7|8,5,5,5,3,5,1|4|3|2|5,15,5,5,1|2,2,2,2,5,5,3,5,,7,7,7,7,7,7,7,7,7,7,9|5|2|11|1|8|10|3|6|7|4,2,2|1|4|3,5,4,2,4,4,4,5,3,5,Condition3_Ctrl
10/06/24 07:29,10/06/24 07:55,0,100,1542,1,10/06/24 07:55,R_WcgYdq78Vvzvx61,anonymous,EN,1,,0,0,,1,41,2,4,2,1,1,3,4,3,1,2,1,1,,3,1,1,1,1,3,3,4,1,1,1,4,1,4|1|5|2|3,5,5,5,5,5,7,6,6,6,7,6,6,6,6|3|2|1|4|7|8|5,4,4,4,3,4,3|4|2|1|5,15,5,5,1|2,3,3,2,4,5,3,5,7,6,7,7,7,7,7,7,7,7,7,5|9|1|6|10|11|3|2|4|7|8,4,1|3|4|2,3,3,4,4,4,4,4,1,2,Condition2_Env
10/06/24 09:11,10/06/24 09:18,0,100,436,1,10/06/24 09:18,R_3EulwVTObH4SLSF,anonymous,EN,1,TRUE,90,0,10/06/24 05:35,1,35,1,7,2,1,5,3,2,5,1,2,2,1,,2,1,2,2,2,3,4,2,4,4,4,4,4,1|2|4|5|3,4,4,4,4,4,4,4,2,4,4,4,2,4,3|7|4|8|5|2|1|6,3,4,2,3,4,3|1|4|2|5,18,4,3,1|2,3,3,3,4,3,3,3,6,5,6,5,6,5,6,6,6,6,6,11|6|2|4|1|10|7|8|9|5|3,2,3|2|1|4,3,4,3,4,4,4,5,3,5,Condition1_Eco
10/06/24 09:09,10/06/24 09:36,0,100,1590,1,10/06/24 09:36,R_32562kAVQa3OWJy,anonymous,EN,0.30000001192092896,,0,0,,1,40,4,7,1,1,,,,,1,2,1,1,,4,5,1,4,4,5,4,3,1,1,1,5,1,3|1|2|5|4,4,4,4,4,4,7,6,7,6,6,6,6,7,4|6|3|2|1|8|5|7,1,5,5,5,5,2|3|4|1|5,-,3,3,2|1,4,1,1,4,5,2,4,7,4,7,7,7,4,6,7,7,7,7,9|8|4|7|5|10|3|1|11|6|2,4,3|4|2|1,,,,4,4,4,6,6,6,Condition1_Eco
10/06/24 12:41,10/06/24 12:42,0,100,66,1,10/06/24 12:42,R_27JXXbR5xhMHmfr,anonymous,EN,1,,0,0,,2,,,,,,,,,,,,,,,,,,,,,,,,,,,,,,,,,,,,,,,,,,,,,,,,,,,,,,,,,,,,,,,,,,,,,,,,,,,,,,,,,,,
10/06/24 12:40,10/06/24 12:48,0,100,462,1,10/06/24 12:48,R_3lM0IKQZp1DZw6f,anonymous,EN,0.8999999761581421,,0,0,,1,52,1,7,4,1,4,4,4,4,1,2,1,2,,1,3,2,1,1,4,4,2,5,1,1,5,1,2|4|1|3|5,4,5,5,5,5,6,7,6,6,7,6,5,6,6|1|5|2|3|7|8|4,4,4,5,1,4,2|3|1|4|5,,5,5,2|1,1,2,2,3,1,1,1,7,6,5,7,7,7,7,6,7,7,7,3|2|1|10|5|6|4|11|9|7|8,4,1|2|3|4,4,4,4,3,4,4,5,3,3,Condition3_Ctrl
10/06/24 12:44,10/06/24 12:50,0,100,373,1,10/06/24 12:50,R_3KpR9gtjLGSXDFh,anonymous,EN,1,,0,0,,1,47,1,5,6,1,4,2,4,4,1,2,1,1,,4,3,2,2,3,4,2,3,4,2,2,4,2,5|3|1|2|4,4,4,4,4,4,5,6,5,6,6,6,4,6,4|7|5|2|8|1|3|6,3,5,4,3,4,3|4|2|1|5,1,5,5,1|2,3,3,2,4,3,2,1,6,6,5,6,6,6,6,6,6,6,6,1|8|7|5|6|10|2|4|9|11|3,1,3|4|2|1,4,3,4,4,4,4,5,1,2,Condition2_Env
10/06/24 12:56,10/06/24 13:04,0,100,464,1,10/06/24 13:04,R_UR1Z2KQDEWMr6gN,anonymous,EN,0.8999999761581421,,0,0,,1,51,1,7,2,1,2,2,4,4,1,2,2,2,,4,1,1,1,1,4,5,4,4,1,4,5,1,2|5|1|4|3,5,4,4,4,2,3,6,6,6,6,6,6,3,6|1|8|4|2|5|3|7,2,4,4,1,3,4|3|2|1|5,5,,4,1|2,4,1,3,2,3,4,1,7,4,6,6,6,6,6,5,6,5,6,1|4|7|6|2|10|8|3|11|9|5,1,2|4|1|3,2,3,4,4,2,4,6,5,6,Condition2_Env
10/06/24 12:59,10/06/24 13:39,0,100,2422,1,10/06/24 13:39,R_2OYWjmjDNSq92QH,anonymous,EN,0.10000000149011612,,0,0,,1,52,1,7,4,1,3,3,2,2,1,1,3,1,,2,1,1,2,1,1,5,2,2,1,1,5,1,3|4|1|2|5,2,1,1,1,1,6,6,7,5,7,3,5,6,6|1|8|3|2|4|7|5,1,4,3,2,4,4|3|1|2|5,5,,4,2|1,5,4,2,4,3,5,5,7,7,7,7,7,7,6,7,6,7,6,4|2|8|10|9|1|11|3|6|7|5,1,1|4|3|2,3,4,2,4,4,4,6,5,5,Condition1_Eco
10/06/24 13:46,10/06/24 14:03,0,100,988,1,10/06/24 14:03,R_2q8kLixObJfnQLK,anonymous,EN,0.8999999761581421,,0,0,,1,45,1,2,2,1,1,1,1,1,1,2,1,1,,3,5,5,3,3,1,3,4,1,1,1,1,5,2|3|1|5|4,1,5,1,1,1,7,1,7,7,7,7,7,7,1|2|7|6|8|4|5|3,1,5,5,1,5,4|2|3|1|5,20,1,5,2|1,1,1,1,5,1,1,1,7,7,7,7,7,7,7,7,7,7,7,7|6|5|8|2|3|4|10|1|9|11,4,4|2|3|1,1,1,3,5,5,5,1,1,1,Condition3_Ctrl
10/06/24 13:20,10/06/24 14:18,0,100,3492,1,10/06/24 14:18,R_OqHPBMLqfnqSEJX,anonymous,EN,0.8999999761581421,,0,0,,1,57,1,4,2,1,4,3,4,2,1,2,1,2,,3,3,2,2,2,4,3,2,2,2,1,4,3,5|4|2|3|1,4,4,4,4,3,7,5,7,6,7,5,7,7,6|8|1|4|2|5|3|7,2,4,4,4,4,4|2|3|1|5,5,4,5,1|2,4,2,2,5,6,2,5,7,7,6,7,7,7,6,7,7,1,6,2|7|9|1|6|10|8|5|11|3|4,3,3|4|1|2,4,3,2,4,4,3,5,3,3,Condition2_Env
10/06/24 14:23,10/06/24 14:29,0,100,351,1,10/06/24 14:29,R_2bUW4LcbheVsS5P,anonymous,EN,1,,0,0,,1,25,2,5,1,5,3,3,5,5,1,2,1,3,,5,3,3,1,1,5,5,3,1,1,1,5,5,2|3|5|1|4,5,5,5,5,5,6,6,6,6,6,6,6,6,2|1|7|6|3|5|8|4,4,4,4,4,4,1|4|3|2|5,10,5,5,2|1,2,1,1,3,5,5,4,7,7,7,7,7,7,7,7,7,7,7,9|7|6|8|2|5|4|1|3|10|11,1,4|1|2|3,1,2,3,4,4,4,1,1,2,Condition1_Eco
10/06/24 14:23,10/06/24 14:39,0,100,940,1,10/06/24 14:39,R_3D7J9pGfyhgZPY0,anonymous,EN,1,,0,0,,1,58,1,2,1,1,3,2,2,3,2,2,1,1,15,3,2,3,2,2,3,1,,4,1,2,4,3,4|3|5|1|2,4,4,4,3,3,7,5,4,6,3,4,6,3,2|3|8|7|5|6|1|4,1,2,2,3,3,4|2|3|1|5,,4,4,2|1,2,3,1,6,4,2,1,7,6,5,7,4,6,7,6,7,7,6,7|9|5|1|4|2|8|10|11|3|6,,3|1|4|2,4,4,4,3,4,4,4,4,4,Condition2_Env
10/06/24 14:35,10/06/24 14:49,0,100,840,1,10/06/24 14:49,R_2s0caxK7tKhy8G8,anonymous,EN,0.6000000238418579,,0,0,,1,48,2,5,5,1,2,2,3,2,1,2,1,2,,4,4,1,1,1,3,5,2,1,1,1,5,1,3|2|5|1|4,4,4,1,1,1,7,7,7,6,6,6,5,6,1|6|4|7|8|3|5|2,2,2,3,5,4,4|1|2|3|5,5,2,4,2|1,6,6,3,6,5,2,5,7,7,7,7,6,7,7,7,7,7,7,7|4|6|1|5|10|8|3|2|11|9,4,4|3|1|2,4,4,3,4,4,3,2,3,2,Condition3_Ctrl
10/06/24 14:33,10/06/24 14:50,0,100,989,1,10/06/24 14:50,R_3r0U73ju7kqlxGP,anonymous,EN,0.699999988,,0,0,,1,67,1,4,3,4,2,3,3,1,1,1,1,1,,1,4,3,2,3,3,3,4,3,3,3,3,3,3|5|2|4|1,4,4,4,4,4,6,6,7,6,7,7,7,6,7|4|8|3|6|2|5|1,3,4,4,3,3,2|3|4|1|5,20,4,4,1|2,2,2,2,4,3,2,2,7,7,6,7,4,6,7,7,7,7,7,5|9|4|8|2|7|10|11|1|3|6,1,1|4|2|3,1,4,3,3,4,3,2,2,2,Condition1_Eco
10/06/24 14:22,10/06/24 14:50,0,100,1674,1,10/06/24 14:50,R_1rGrzuMUKfkfnZS,anonymous,EN,0.800000012,,0,55,,1,46,1,7,4,1,4,2,4,2,1,2,2,2,,5,2,1,1,1,4,4,3,4,1,1,5,1,5|4|1|3|2,5,5,5,5,5,7,7,6,6,6,6,6,6,7|8|4|2|3|6|1|5,4,5,5,1,5,4|3|1|2|5,10,4,5,1|2,1,2,2,4,5,2,5,7,7,7,7,7,7,7,7,7,7,7,4|3|10|9|11|2|6|1|5|8|7,4,3|4|1|2,2,5,5,3,3,3,4,4,4,Condition1_Eco
10/06/24 12:56,10/06/24 15:04,0,100,7661,1,10/06/24 15:04,R_2QrB6hU28nGCT29,anonymous,EN,0.8999999761581421,,0,0,,1,53,1,7,2,1,2,2,4,3,1,1,1,2,,1,2,2,2,1,5,5,2,3,2,2,3,1,4|3|2|1|5,5,5,5,5,5,6,5,3,5,4,5,5,6,4|6|8|1|5|7|2|3,1,5,5,1,3,4|2|1|3|5,10,4,5,2|1,4,3,3,3,3,2,1,5,4,7,4,4,6,5,4,4,4,6,9|5|2|8|1|10|3|7|6|4|11,,2|1|3|4,3,5,1,2,2,2,4,2,5,Condition2_Env
10/06/24 15:16,10/06/24 15:27,0,100,661,1,10/06/24 15:27,R_8iUiNcda4b2MaOd,anonymous,EN,0.5,,0,0,,1,51,2,7,1,1,3,4,4,4,1,2,1,1,,4,5,1,1,5,3,3,,1,1,1,5,1,4|2|3|5|1,2,2,2,1,1,7,7,7,2,7,7,7,7,4|1|2|7|8|3|6|5,1,2,3,3,2,3|1|4|2|5,20,1,1,1|2,3,3,1,4,1,4,5,7,7,7,7,7,7,7,7,7,7,7,11|8|10|7|6|4|3|9|1|5|2,1,4|2|3|1,3,3,3,5,5,5,2,2,6,Condition2_Env
10/06/24 15:40,10/06/24 15:54,0,100,846,1,10/06/24 15:54,R_BRfVilUnTtuWaMp,anonymous,EN,1,,0,0,,1,55,2,4,6,1,3,4,3,4,1,1,1,3,,3,1,1,1,1,5,5,,2,1,1,5,1,5|4|2|1|3,5,5,5,5,5,7,6,6,7,7,1,6,6,2|6|1|5|4|8|7|3,4,5,5,1,3,2|4|1|3|5,0,5,5,1|2,3,3,2,4,5,2,1,7,7,5,7,6,7,7,7,7,7,7,9|3|8|2|5|11|4|1|6|10|7,1,1|3|4|2,3,3,5,5,4,3,1,1,1,Condition3_Ctrl
10/06/24 17:46,10/06/24 18:07,0,100,1216,1,10/06/24 18:07,R_3nB23mtmNqbJ22S,anonymous,EN,0.8999999761581421,,0,0,,1,49,2,4,5,1,2,4,5,2,1,1,1,1,,1,4,1,1,1,3,5,3,4,1,1,5,1,4|2|1|3|5,5,5,5,5,5,7,7,7,7,7,7,7,7,5|7|6|2|4|8|3|1,4,5,5,1,4,1|2|4|3|5,20,4,5,1|2,6,6,6,6,6,6,6,4,6,7,7,7,6,5,5,6,6,7,1|10|7|11|8|9|6|3|4|2|5,2,3|4|1|2,5,4,5,4,4,4,1,2,2,Condition1_Eco
10/06/24 19:10,10/06/24 19:22,0,100,696,1,10/06/24 19:22,R_3LdVqJMSuo7CuhE,anonymous,EN,1,,0,0,,1,53,1,9,7,1,5,1,3,3,1,1,1,3,,5,1,1,1,1,3,2,3,3,1,1,5,2,2|1|3|5|4,5,5,5,5,5,7,7,6,6,6,7,7,4,8|3|4|5|2|7|1|6,5,5,5,1,5,1|4|2|3|5,20,5,5,2|1,1,1,1,4,5,2,4,7,7,7,7,7,7,7,7,7,7,7,9|11|2|5|6|3|7|10|4|8|1,1,3|4|2|1,1,5,5,4,4,4,1,3,5,Condition1_Eco
10/06/24 19:36,10/06/24 19:51,0,100,878,1,10/06/24 19:51,R_2thRbqTyf0WAB9N,anonymous,EN,0.699999988,,0,0,,1,62,1,7,4,1,4,1,4,3,1,2,1,2,,5,2,1,1,1,5,5,3,2,1,1,5,1,4|1|2|3|5,5,5,5,5,5,5,7,2,6,2,6,6,6,7|1|3|2|4|6|5|8,5,5,5,1,5,1|3|2|4|5,20,5,5,2|1,2,1,1,4,5,3,3,7,7,7,7,7,7,7,7,7,7,7,6|11|2|5|3|7|1|4|8|9|10,1,1|4|2|3,3,5,5,3,3,3,3,3,3,Condition3_Ctrl
10/06/24 20:36,10/06/24 20:52,0,100,935,1,10/06/24 20:52,R_WiBf5bqUApViCtj,anonymous,EN,0.8999999761581421,,0,0,,1,68,1,5,2,4,2,4,3,3,1,2,2,1,,4,4,3,3,3,3,5,3,4,4,4,4,4,4|2|3|5|1,4,4,3,2,2,6,6,6,5,6,6,5,4,3|8|4|1|6|5|2|7,3,3,4,4,3,2|3|4|1|5,8,3,5,1|2,4,4,2,4,5,2,6,5,5,5,6,5,6,5,5,6,5,6,11|7|4|6|3|8|1|10|2|5|9,1,1|3|2|4,4,3,4,4,5,3,5,3,3,Condition2_Env
10/06/24 22:13,10/06/24 22:47,0,100,2065,1,10/06/24 22:47,R_21hUQJJq5fvQSKR,anonymous,EN,0.800000012,,0,0,,1,39,1,5,3,1,2,3,2,2,1,2,1,2,,4,3,2,1,1,1,4,4,3,1,2,5,4,5|4|2|3|1,4,2,1,2,1,6,5,6,4,6,4,7,5,7|6|2|5|1|4|3|8,1,4,5,4,3,3|4|2|1|5,1,3,4,2|1,5,4,3,5,1,4,5,7,6,7,7,7,7,7,7,7,7,7,9|1|11|8|10|2|4|7|3|5|6,2,3|4|2|1,2,3,4,4,5,5,4,5,6,Condition1_Eco
10/06/24 23:41,11/06/24 00:00,0,100,1179,1,11/06/24 00:01,R_1i5ykpsvHMTL2G9,anonymous,EN,0.699999988,,0,0,,1,45,1,8,1,3,1,1,2,1,1,1,1,1,,4,4,2,2,4,3,4,,3,2,1,4,2,1|2|5|4|3,5,5,1,1,1,7,7,7,5,7,6,7,7,6|8|1|4|7|2|5|3,1,3,3,4,2,1|3|4|2|5,0,4,4,2|1,2,2,2,4,4,2,2,7,7,7,7,7,7,7,7,7,7,7,4|5|8|10|2|1|6|11|7|9|3,1,2|3|4|1,4,4,3,2,2,2,1,3,3,Condition3_Ctrl
11/06/24 05:16,11/06/24 05:58,0,100,2497,1,11/06/24 05:58,R_2bOW723qt70FQHY,anonymous,EN,0.8999999761581421,,0,0,,1,32,2,5,1,1,1,2,3,1,1,2,2,1,,4,4,1,1,4,3,4,3,2,1,1,5,1,2|4|1|3|5,5,4,4,4,2,7,7,6,7,7,7,7,7,8|6|5|4|7|3|2|1,1,3,2,3,4,2|4|1|3|5,2,4,4,2|1,4,1,1,5,5,1,6,7,7,7,7,7,7,7,7,7,7,7,5|10|4|3|1|8|2|6|11|9|7,1,3|4|1|2,2,4,4,3,4,1,5,5,5,Condition2_Env
11/06/24 07:22,11/06/24 07:34,0,100,771,1,11/06/24 07:35,R_3OqY3KMmnQuBXal,anonymous,EN,0.699999988,,0,20,,1,43,1,7,4,1,3,3,3,2,1,2,1,1,,1,3,2,4,4,3,4,4,4,1,2,5,2,1|5|4|2|3,3,2,2,1,1,7,6,7,7,7,6,7,6,8|2|5|3|6|7|4|1,2,2,2,3,4,4|3|2|1|5,0,2,5,2|1,4,3,2,2,2,4,5,7,6,7,7,2,6,7,7,7,7,7,6|2|7|3|8|10|11|4|1|5|9,4,1|3|2|4,3,3,3,3,4,3,2,2,2,Condition2_Env
11/06/24 07:13,11/06/24 07:39,0,100,1566,1,11/06/24 07:39,R_33D2tIYCTkfVwHr,anonymous,EN,0.8999999761581421,,0,0,,1,69,1,9,2,4,1,2,4,2,1,1,1,1,,1,1,2,1,1,3,4,4,1,1,1,5,1,2|1|5|4|3,4,4,4,4,1,3,1,6,3,1,6,6,5,5|7|8|6|2|1|4|3,4,4,4,2,4,4|2|1|3|5,,5,3,1|2,3,2,2,4,5,2,1,7,7,7,7,7,7,7,7,7,7,7,9|10|3|11|7|1|8|2|6|5|4,1,1|4|3|2,2,2,4,2,4,2,1,7,7,Condition3_Ctrl
11/06/24 08:49,11/06/24 09:00,0,100,679,1,11/06/24 09:00,R_qCUUh4Cbwi3aRj3,anonymous,EN,1,,0,0,,1,47,1,4,1,1,1,2,3,1,1,1,1,2,,3,1,1,1,3,3,5,,1,1,1,5,4,4|1|2|5|3,5,5,5,5,2,7,7,7,7,5,6,7,6,2|6|7|8|1|5|3|4,3,5,5,3,5,4|1|3|2|5,20,5,5,1|2,6,6,1,2,1,2,1,7,7,7,7,7,7,6,7,7,7,7,10|9|2|8|5|6|7|11|4|1|3,1,1|2|3|4,5,5,5,2,2,2,2,2,7,Condition1_Eco
11/06/24 08:49,11/06/24 09:00,0,100,644,1,11/06/24 09:00,R_3kebgP6MGpAwSv0,anonymous,EN,0.6000000238418579,,0,0,,1,70,1,4,4,4,1,2,2,2,1,2,1,1,,2,3,1,1,1,2,1,,2,2,5,4,1,2|5|1|4|3,5,5,5,5,5,6,7,7,5,6,6,6,6,1|7|5|4|2|8|3|6,3,4,2,1,2,1|2|4|3|5,5,5,5,1|2,1,1,1,3,4,2,3,7,6,7,6,6,7,6,6,6,6,7,10|8|9|1|4|2|6|11|7|5|3,1,4|1|3|2,4,4,5,4,4,3,4,1,2,Condition2_Env
11/06/24 09:28,11/06/24 09:39,0,100,681,1,11/06/24 09:39,R_beik2Gd36zWRW0h,anonymous,EN,1,,0,0,,1,42,2,4,2,1,1,3,3,3,1,2,2,1,,3,2,1,1,1,3,5,3,1,1,1,5,1,3|5|4|2|1,5,5,5,4,4,7,6,5,6,6,6,6,7,6|8|2|7|1|5|4|3,4,4,2,1,4,4|2|1|3|5,5,5,4,1|2,6,2,2,5,3,6,6,7,7,7,7,7,7,7,7,7,7,7,10|2|11|8|9|3|6|5|1|4|7,1,4|3|1|2,4,4,5,3,3,2,2,3,3,Condition3_Ctrl
11/06/24 10:30,11/06/24 10:47,0,100,1043,1,11/06/24 10:47,R_1gpBubMNaNZ4g4h,anonymous,EN,0.8999999761581421,,0,0,,1,23,2,4,,5,1,2,1,1,1,2,2,1,,3,5,2,1,3,4,2,4,5,1,1,5,1,5|3|1|4|2,5,2,4,4,4,7,7,7,7,6,7,7,7,5|7|6|2|3|1|8|4,4,1,4,5,5,2|4|3|1|5,5,3,1,1|2,1,1,1,5,5,3,6,7,7,7,7,7,7,7,7,7,7,7,6|7|8|3|11|2|4|1|9|5|10,1,4|2|1|3,3,4,4,4,5,5,5,2,6,Condition2_Env
11/06/24 11:50,11/06/24 12:00,0,100,577,1,11/06/24 12:00,R_1kS0uqYCjAcoQTs,anonymous,EN,0.800000012,,0,5,,1,56,2,4,4,1,1,4,2,2,1,2,1,1,,1,2,1,1,2,3,3,3,2,1,1,5,2,5|4|1|2|3,4,4,4,4,3,5,6,6,6,7,6,6,6,1|7|4|6|3|8|5|2,4,4,4,2,5,1|2|3|4|5,10,4,4,2|1,2,2,1,4,5,2,6,5,5,4,6,6,5,5,5,5,6,7,8|5|11|7|1|3|4|6|2|9|10,1,4|2|3|1,4,1,4,4,4,3,3,4,3,Condition1_Eco
11/06/24 14:49,11/06/24 14:55,0,100,362,1,11/06/24 14:55,R_1P1QLQE9HllOetX,anonymous,EN,1,,0,0,,1,50,1,7,4,1,3,1,3,1,1,1,1,2,,3,1,1,1,1,5,5,3,2,1,1,4,1,1|2|5|4|3,5,5,5,5,5,7,7,6,7,7,7,6,7,2|6|8|7|4|1|5|3,4,3,3,1,4,2|3|1|4|5,10,5,5,1|2,6,6,6,6,6,6,6,6,6,6,6,6,6,6,5,5,6,6,9|3|8|10|1|4|5|11|7|6|2,4,4|3|2|1,3,4,4,2,2,2,2,3,3,Condition3_Ctrl
11/06/24 14:55,11/06/24 14:57,0,100,108,1,11/06/24 14:57,R_1ozCVBAmTMw2WHx,anonymous,EN,1,,0,0,,2,,,,,,,,,,,,,,,,,,,,,,,,,,,,,,,,,,,,,,,,,,,,,,,,,,,,,,,,,,,,,,,,,,,,,,,,,,,,,,,,,,,
11/06/24 14:53,11/06/24 15:16,0,100,1400,1,11/06/24 15:16,R_2aeN9oVys4Jvc0D,anonymous,EN,1,,0,0,,1,45,1,5,2,1,1,2,4,2,1,2,3,2,,5,2,1,1,1,5,5,3,2,1,1,5,1,2|1|5|3|4,5,5,5,5,4,6,7,2,7,1,7,7,6,5|2|3|7|8|6|4|1,5,5,5,1,4,4|3|1|2|5,2,5,5,2|1,2,2,3,3,1,2,1,7,7,7,7,7,7,7,7,7,7,7,10|11|9|6|5|8|7|1|4|3|2,1,2|3|4|1,5,4,5,4,4,5,1,1,1,Condition2_Env
11/06/24 14:48,11/06/24 15:28,0,100,2390,1,11/06/24 15:28,R_3FOFvWYXEtqrH2W,anonymous,EN,1,,0,0,,1,43,2,2,1,1,1,4,3,3,1,2,1,3,,1,2,2,2,1,4,4,2,1,1,1,5,1,1|5|3|2|4,5,5,5,3,3,6,7,4,6,6,7,7,6,2|7|6|3|1|5|8|4,3,5,5,2,4,4|2|3|1|5,0,5,3,1|2,6,6,3,6,6,3,5,7,7,7,7,7,7,7,7,7,7,7,11|9|3|2|8|7|5|4|1|6|10,1,4|1|2|3,1,5,1,3,4,4,1,1,1,Condition2_Env
11/06/24 15:20,11/06/24 15:31,0,100,659,1,11/06/24 15:31,R_1gu8qV5y1yYaQur,anonymous,EN,1,,0,0,,1,60,1,7,4,1,4,4,4,4,1,1,1,2,,4,1,1,1,1,5,5,3,1,1,1,2,3,5|3|1|4|2,5,5,5,5,5,7,7,7,7,7,7,7,7,8|5|6|2|7|1|4|3,5,5,5,3,5,1|2|4|3|5,2,5,5,2|1,6,3,1,2,5,3,2,7,7,7,7,7,7,7,7,7,7,7,7|4|2|5|3|8|9|6|10|11|1,1,3|2|1|4,5,5,5,5,5,5,5,2,1,Condition3_Ctrl
11/06/24 16:11,11/06/24 16:27,0,100,966,1,11/06/24 16:27,R_2EorqkfCvlDsg1L,anonymous,EN,1,,0,0,,1,61,2,5,2,4,1,2,4,2,1,1,1,3,,1,4,1,1,1,3,2,4,2,1,1,5,1,4|3|5|1|2,4,4,4,4,4,6,7,2,2,6,7,7,7,2|5|3|1|6|4|7|8,4,5,5,4,4,3|4|2|1|5,10,4,4,1|2,1,1,1,3,5,4,6,7,6,7,7,7,7,6,7,7,6,7,1|8|4|2|7|6|10|9|5|11|3,1,1|4|3|2,2,4,4,4,4,3,3,3,3,Condition3_Ctrl
11/06/24 14:40,11/06/24 16:51,0,100,7822,1,11/06/24 16:51,R_21cW6m5pdsjqAjn,anonymous,EN,1,,0,0,,1,52,4,7,2,1,1,2,1,2,1,2,1,1,,3,5,3,3,3,1,4,,3,1,1,5,1,2|4|3|5|1,2,1,1,2,2,6,7,7,2,7,6,4,5,1|2|5|4|6|3|7|8,1,1,1,5,1,1|4|3|2|5,0,1,3,2|1,5,4,3,3,4,3,3,7,7,7,7,7,7,7,7,7,7,7,4|1|11|5|6|9|8|10|7|2|3,2,1|2|4|3,5,3,1,3,4,3,5,4,3,Condition1_Eco
11/06/24 17:08,11/06/24 17:29,0,100,1222,1,11/06/24 17:29,R_1lgjWxiPFAcmp8s,anonymous,EN,0.800000012,,0,0,,1,74,1,7,2,4,1,4,4,1,1,2,1,3,,5,1,1,1,1,,5,,1,2,1,4,5,1|5|3|2|4,5,5,5,5,5,2,5,1,7,1,2,6,3,5|4|2|3|6|8|7|1,3,5,5,1,4,1|2|3|4|5,,5,5,1|2,1,1,1,5,5,4,1,7,7,6,7,7,7,7,7,7,7,7,11|2|10|6|9|5|8|7|4|1|3,,3|1|4|2,5,5,5,4,4,4,2,2,2,Condition2_Env
11/06/24 17:52,11/06/24 18:13,0,100,1297,1,11/06/24 18:13,R_3PNcQMvUkInmBA2,anonymous,EN,1,,0,0,,1,66,1,4,2,1,4,5,3,2,1,2,1,1,,3,5,1,1,3,3,3,3,1,4,4,3,4,1|4|2|5|3,4,4,3,3,3,6,5,6,4,6,6,6,6,4|8|1|5|2|6|7|3,,,,,,3|4|2|1|5,,5,5,1|2,6,6,2,3,1,1,1,7,7,7,7,7,7,7,7,7,7,7,2|8|1|5|6|10|9|3|4|7|11,2,1|2|3|4,5,4,4,4,4,4,3,3,3,Condition1_Eco
11/06/24 18:27,11/06/24 18:38,0,100,672,1,11/06/24 18:38,R_bryzyOGT0MCDFWV,anonymous,EN,0.800000012,,0,0,,1,65,1,4,2,7,2,2,2,2,1,2,3,3,,4,1,1,1,1,2,5,3,1,1,1,5,1,5|3|1|4|2,5,5,5,5,5,2,6,3,1,1,1,2,2,3|4|1|6|7|2|8|5,5,5,5,1,5,3|1|4|2|5,,5,5,1|2,1,1,1,5,5,1,5,7,7,7,4,7,7,7,7,7,7,7,6|11|10|1|5|2|8|3|9|7|4,,3|2|1|4,4,2,3,5,5,5,7,2,3,Condition3_Ctrl
11/06/24 20:31,11/06/24 20:49,0,100,1080,1,11/06/24 20:49,R_31ipBK66dN5LtGn,anonymous,EN,1,,0,0,,1,42,2,7,4,1,3,3,3,2,1,1,1,1,,3,3,2,2,3,4,2,,2,2,1,4,2,1|3|2|4|5,4,4,4,4,2,6,6,6,6,6,6,6,6,2|5|3|7|4|8|6|1,4,4,4,2,3,2|3|4|1|5,0,4,4,1|2,4,4,3,4,5,5,5,6,5,5,6,6,6,5,6,6,6,5,1|9|8|10|4|3|2|7|11|6|5,1,1|3|2|4,2,3,3,3,3,3,2,2,3,Condition1_Eco
12/06/24 02:46,12/06/24 03:04,0,100,1087,1,12/06/24 03:04,R_1FE8zGJu24gd0t9,anonymous,EN,1,,0,5,,1,56,1,6,3,1,4,4,4,4,1,2,1,2,,5,1,1,1,2,4,5,4,3,1,2,4,3,2|4|1|5|3,5,5,5,3,3,4,7,2,2,4,7,6,6,3|4|7|5|1|8|2|6,4,5,5,1,4,3|2|4|1|5,2,5,5,1|2,4,2,3,5,6,4,4,7,7,6,7,6,7,6,6,7,7,7,6|3|7|9|4|1|5|2|11|8|10,2,2|3|4|1,5,4,5,4,4,,5,5,3,Condition2_Env
11/06/24 12:24,12/06/24 06:01,0,100,63402,1,12/06/24 06:01,R_z0Rcaol0y3K0LIJ,anonymous,EN,1,,0,0,,1,54,1,7,2,1,2,2,2,2,2,2,1,1,20,1,4,2,2,3,4,4,,1,1,1,5,2,4|5|1|3|2,4,4,1,1,1,7,7,7,7,7,7,7,7,1|3|6|5|7|4|2|8,1,3,3,1,1,1|4|3|2|5,10,3,3,2|1,6,6,2,6,6,6,6,7,7,7,7,7,7,7,7,7,7,7,1|6|9|11|2|7|8|10|5|3|4,1,2|4|3|1,1,1,4,5,5,5,1,1,1,Condition2_Env
12/06/24 09:46,12/06/24 09:56,0,100,577,1,12/06/24 09:56,R_oXZQgSnzb3qGWel,anonymous,EN,1,,0,0,,1,53,1,7,2,1,5,5,4,5,1,2,3,3,,4,5,2,2,2,4,4,,2,2,5,5,2,5|1|2|3|4,4,4,1,1,1,5,6,6,3,6,3,6,6,4|2|8|3|7|1|5|6,3,5,4,5,5,3|1|2|4|5,5,4,4,1|2,3,3,2,2,1,2,1,7,7,7,7,7,7,7,7,7,7,7,4|9|6|8|11|2|5|7|10|3|1,1,1|4|3|2,4,4,4,2,3,4,2,3,6,Condition3_Ctrl
12/06/24 09:50,12/06/24 10:06,0,100,962,1,12/06/24 10:06,R_10qqxwqpH6Dt953,anonymous,EN,1,,0,0,,1,73,1,7,2,4,4,2,3,3,1,2,1,2,,4,1,1,1,1,5,5,3,1,1,1,5,1,4|2|3|5|1,5,5,5,5,5,2,7,2,4,2,2,2,2,7|2|3|1|6|4|5|8,3,5,4,1,3,2|4|1|3|5,5,5,5,1|2,3,3,3,5,1,1,1,7,7,7,7,7,7,7,7,7,7,7,9|7|4|2|6|11|5|8|3|1|10,,1|3|2|4,5,5,5,4,4,4,2,2,3,Condition1_Eco
12/06/24 16:41,12/06/24 16:51,0,100,589,1,12/06/24 16:51,R_3qygPfc58AhqYBC,anonymous,EN,1,,0,0,,1,50,2,7,4,1,4,4,3,2,1,2,1,1,,4,2,1,3,2,4,3,4,4,1,1,4,2,5|4|3|1|2,5,4,4,3,3,4,5,6,6,4,5,6,6,7|5|8|6|1|2|4|3,2,5,4,1,4,1|4|2|3|5,10,4,5,1|2,4,3,2,4,5,3,6,6,7,7,6,7,7,7,6,7,7,7,7|3|5|1|6|9|8|10|11|2|4,1,4|1|3|2,4,3,3,3,4,3,3,4,4,Condition2_Env
12/06/24 16:52,12/06/24 17:01,0,100,534,1,12/06/24 17:01,R_sb6qnZzr8Y6Wf3b,anonymous,EN,1,,0,0,,1,40,1,7,4,1,4,4,3,2,1,1,1,1,,1,3,2,1,4,3,5,2,1,1,1,2,4,1|3|2|5|4,4,3,2,2,2,5,5,7,5,5,5,4,5,3|4|7|8|2|5|1|6,3,3,3,4,4,3|2|4|1|5,0,2,4,2|1,2,4,2,2,2,1,3,7,7,7,7,7,7,7,7,7,7,,5|10|3|2|6|11|9|4|7|8|1,1,2|1|3|4,4,4,4,4,4,5,2,3,3,Condition3_Ctrl
12/06/24 17:21,12/06/24 17:47,0,100,1579,1,12/06/24 17:47,R_3NXrGPaGYSHMvSY,anonymous,EN,0.4000000059604645,,0,0,,1,47,1,7,1,1,2,2,3,2,1,1,1,2,,3,1,1,1,1,4,5,3,2,1,1,5,1,2|1|5|4|3,5,5,5,5,4,6,7,5,1,5,1,1,5,7|4|8|6|5|3|2|1,1,4,3,1,3,1|2|4|3|5,,5,5,1|2,3,2,1,5,1,4,2,7,7,7,7,7,7,7,7,7,7,7,8|5|3|1|9|6|4|11|2|7|10,4,2|1|4|3,4,3,4,2,4,4,1,3,2,Condition1_Eco
12/06/24 18:43,12/06/24 18:52,0,100,544,1,12/06/24 18:52,R_bDYiugRLQSGGOYN,anonymous,EN,0.699999988,,0,0,,1,35,1,5,3,1,3,4,2,2,1,2,3,2,,4,1,1,1,1,3,2,3,3,1,1,5,2,2|3|4|5|1,5,5,4,3,2,6,7,5,6,3,7,7,4,4|3|1|5|8|7|6|2,4,4,4,2,5,2|4|3|1|5,12,5,5,2|1,1,1,2,5,5,1,2,7,7,7,7,7,7,7,7,7,7,7,11|8|4|2|6|9|5|3|10|1|7,4,4|2|3|1,2,3,4,4,5,5,3,3,3,Condition2_Env
12/06/24 22:44,12/06/24 22:52,0,100,438,1,12/06/24 22:52,R_1dGJPJMCzaMmuCY,anonymous,EN,1,,0,0,,1,49,1,7,,1,3,3,3,3,1,1,1,1,,1,2,2,2,2,4,4,,2,5,1,4,2,2|4|3|5|1,4,4,4,2,1,7,7,7,7,7,7,7,7,5|8|7|6|1|2|3|4,2,4,4,2,2,4|2|3|1|5,,5,5,1|2,6,6,6,6,6,6,6,6,6,6,6,7,6,6,6,6,6,6,5|7|2|4|1|3|6|8|11|10|9,2,4|2|1|3,3,3,3,4,4,4,1,1,2,Condition1_Eco
12/06/24 22:45,12/06/24 23:15,0,100,1770,1,12/06/24 23:15,R_1kZ8xSS6wd16TD8,anonymous,EN,0.20000000298023224,,0,75,,1,64,2,4,3,1,2,2,2,2,1,2,1,3,,5,2,2,1,1,3,1,4,2,1,1,4,1,3|1|5|4|2,5,4,4,3,3,7,7,6,3,6,7,6,6,4|8|7|2|6|3|5|1,2,5,5,3,5,3|2|4|1|5,20,5,5,2|1,6,6,6,6,6,6,6,7,7,7,7,7,7,7,7,7,7,7,5|11|6|7|1|4|8|10|2|9|3,1,1|3|2|4,,5,5,3,5,4,6,5,6,Condition3_Ctrl
13/06/24 07:08,13/06/24 07:25,0,100,1063,1,13/06/24 07:25,R_1JVF04pu6VNqlC3,anonymous,EN,1,,0,0,,1,30,2,5,1,1,2,3,2,1,1,2,1,1,,4,4,2,2,2,3,4,,2,1,1,5,1,1|3|4|5|2,4,4,4,4,4,7,6,5,7,6,5,6,6,3|6|5|7|1|2|4|8,2,3,3,3,3,2|4|3|1|5,5,3,2,1|2,2,3,6,3,2,3,2,7,7,7,7,7,7,7,7,7,7,7,8|11|3|1|2|10|4|7|6|5|9,4,2|3|4|1,3,4,4,3,3,3,4,4,4,Condition3_Ctrl
13/06/24 10:36,13/06/24 10:54,0,100,1050,1,13/06/24 10:54,R_3I4S1OiuBEeDNC9,anonymous,EN,1,,0,0,,1,46,2,7,3,1,4,4,4,4,1,2,1,1,,3,4,1,1,2,4,5,2,1,1,1,4,1,2|3|5|4|1,5,4,4,4,4,7,7,6,6,6,6,6,5,1|2|6|5|3|7|8|4,3,4,4,3,5,3|2|4|1|5,10,5,5,2|1,4,2,2,5,5,2,5,6,6,6,6,6,6,6,6,6,6,6,10|8|11|7|3|2|1|4|9|5|6,1,3|4|1|2,3,4,4,4,4,3,5,5,5,Condition1_Eco
13/06/24 12:34,13/06/24 12:51,0,100,997,1,13/06/24 12:51,R_3lVm9mIpzvxT1uz,anonymous,EN,1,,0,0,,1,67,1,5,2,4,2,4,2,2,1,2,1,2,,3,2,1,2,1,5,5,3,4,1,1,5,2,3|4|2|5|1,5,5,5,5,5,7,7,7,7,7,7,7,7,8|1|2|6|4|3|7|5,4,5,4,2,5,4|3|1|2|5,20,5,5,2|1,1,2,3,4,4,3,2,7,7,7,7,7,7,7,7,7,7,7,2|3|1|8|10|4|6|11|7|9|5,1,4|2|1|3,4,4,5,5,5,5,6,6,6,Condition2_Env
13/06/24 18:57,13/06/24 19:15,0,100,1097,1,13/06/24 19:15,R_2eXonsGvNrEHvR7,anonymous,EN,0.800000012,,0,5,,1,75,1,3,6,4,4,4,3,1,1,2,1,2,,3,1,1,1,1,1,1,5,1,4,1,5,1,4|2|5|1|3,5,5,5,5,5,3,6,3,7,7,7,7,4,8|2|3|1|4|6|7|5,4,4,5,1,5,1|4|2|3|5,,5,5,1|2,6,1,1,5,5,1,6,7,7,7,7,7,7,7,7,7,7,7,5|1|8|9|10|3|7|4|6|11|2,1,4|3|2|1,3,5,3,4,4,4,1,4,4,Condition1_Eco
15/06/24 18:51,15/06/24 19:08,0,100,1029,1,15/06/24 19:08,R_3NRjLSJL8AnGou4,anonymous,EN,1,,0,25,,1,40,1,5,5,1,2,1,2,2,1,2,1,1,,5,4,1,1,2,4,5,3,3,1,2,5,2,4|3|1|5|2,4,5,3,1,1,7,7,7,3,4,4,5,5,1|7|3|6|2|5|4|8,2,3,4,3,4,1|4|2|3|5,0,3,5,1|2,2,2,1,5,4,3,4,7,7,4,7,7,7,7,6,7,7,7,11|9|4|7|8|10|5|6|1|2|3,1,1|3|4|2,5,4,4,4,4,5,5,3,2,Condition2_Env
09/06/24 06:21,09/06/24 06:35,0,69,854,0,16/06/24 06:35,R_1OCRHj88SrZf6WE,anonymous,EN,1,,0,0,,1,64,1,2,1,1,1,5,1,1,1,1,1,2,,4,2,1,1,2,4,1,3,,1,,2,5,5|4|3|2|1,5,2,5,5,2,,,,,,,,,,,,,,,,,,,,,,,,,,,,,,,,,,,,,,,,,,,,,,,,,,Condition2_Env
16/06/24 08:27,16/06/24 08:46,0,100,1153,1,16/06/24 08:46,R_BPTdskYTDjK1TRD,anonymous,EN,1,,0,0,,1,68,1,7,1,4,2,,3,1,2,2,3,2,15,5,1,1,1,1,5,5,3,1,1,1,1,1,2|1|4|3|5,5,5,5,5,5,1,1,7,7,1,7,7,7,4|7|3|2|1|5|6|8,5,5,3,1,5,3|4|2|1|5,0,5,5,2|1,2,1,2,5,3,1,5,7,7,7,7,7,7,7,7,7,7,7,7|1|11|3|4|10|2|9|6|8|5,4,4|2|1|3,5,5,5,5,5,5,5,5,5,Condition1_Eco
09/06/24 09:11,09/06/24 09:17,0,66,395,0,16/06/24 09:17,R_2c6MNQQWj1ftEUK,anonymous,EN,1,,0,0,,1,63,1,7,3,7,4,4,3,1,1,2,1,1,,,4,3,,4,4,5,4,2,1,1,5,2,4|1|3|2|5,,,,,,,,,,,,,,,,,,,,,,,,,,,,,,,,,,,,,,,,,,,,,,,,,,,,,,,Condition1_Eco
09/06/24 11:02,09/06/24 11:07,0,91,334,0,16/06/24 11:08,R_pKK6SBmDlrG5MZz,anonymous,EN,0.699999988,,0,0,,1,50,1,5,1,1,2,4,3,3,1,2,1,2,,1,1,1,1,3,4,5,4,2,1,3,5,3,5|3|4|1|2,5,5,5,5,5,7,6,7,5,7,1,6,7,8|2|4|7|3|6|5|1,2,4,4,2,4,3|2|1|4|5,10,5,5,1|2,1,1,1,4,5,2,1,7,7,4,7,7,7,7,4,7,7,7,10|3|4|1|8|6|7|9|5|11|2,4,3|1|2|4,,,,,,,,,,Condition2_Env
16/06/24 12:03,16/06/24 12:23,0,100,1230,1,16/06/24 12:23,R_1pFqjXjUcMPFOov,anonymous,EN,1,,0,0,,1,45,1,4,,,2,3,3,2,1,2,1,1,,3,4,4,4,3,3,4,3,1,1,1,4,3,3|5|4|1|2,3,3,2,1,1,6,5,6,6,6,6,6,6,1|8|6|3|5|2|4|7,3,3,3,3,4,4|2|1|3|5,,3,4,1|2,5,5,4,4,2,2,3,6,,,,,7,6,6,,6,6,2|3|9|5|8|6|1|7|10|4|11,1,3|2|4|1,,,,,,,,,,Condition2_Env
16/06/24 17:30,16/06/24 17:56,0,100,1511,1,16/06/24 17:56,R_1E690XjqZiwLRtb,anonymous,EN,1,,0,0,,1,75,1,9,4,4,4,4,3,3,1,2,1,3,,3,1,3,2,2,3,,,2,1,1,5,1,1|5|2|4|3,5,5,,5,5,5,7,5,5,5,5,5,7,7|3|1|6|4|5|2|8,3,5,5,1,4,3|4|2|1|5,,5,5,1|2,1,1,1,6,6,2,6,7,7,7,7,7,7,7,7,7,1,7,11|7|6|10|5|9|4|1|2|8|3,1,3|4|1|2,4,4,4,4,4,4,1,1,1,Condition3_Ctrl
09/06/24 18:23,09/06/24 18:34,0,91,621,0,16/06/24 18:34,R_DwS3YiQnKePnVER,anonymous,EN,0.8999999761581421,,0,0,,1,35,2,7,1,1,1,3,2,1,2,2,1,1,16,4,4,2,2,4,5,4,4,4,1,1,5,1,5|2|1|3|4,3,3,3,3,3,,7,7,7,7,7,6,2,8|2|5|6|1|7|4|3,1,4,4,2,4,2|3|4|1|5,2,3,3,1|2,4,6,2,5,5,3,4,6,7,5,6,7,6,4,6,6,4,6,7|2|10|3|4|6|8|11|9|1|5,4,4|3|1|2,,,,,,,,,,Condition1_Eco
09/06/24 22:32,09/06/24 22:33,0,9,39,0,16/06/24 22:33,R_32Kn5gQAHsgyAMW,anonymous,EN,0.8999999761581421,,0,0,,1,,,,,,,,,,,,,,,,,,,,,,,,,,,,,,,,,,,,,,,,,,,,,,,,,,,,,,,,,,,,,,,,,,,,,,,,,,,,,,,,,,,
17/06/24 07:52,17/06/24 08:23,0,100,1879,1,17/06/24 08:23,R_2QomNena5Jvh0m1,anonymous,EN,1,,0,0,,1,77,1,9,,4,2,4,1,4,1,2,1,2,,1,1,1,1,1,5,5,,2,2,1,5,4,1|2|3|5|4,5,5,5,5,4,2,7,2,6,1,6,6,4,8|2|1|7|6|5|4|3,4,5,4,1,4,3|4|1|2|5,,5,5,2|1,1,2,2,2,5,2,1,7,7,7,7,7,7,7,7,7,7,6,5|2|4|10|9|6|3|7|11|8|1,1,1|3|2|4,5,5,5,5,5,5,1,3,3,Condition1_Eco
10/06/24 13:02,10/06/24 13:10,0,84,458,0,17/06/24 13:10,R_OP9iLTNbPFlhXEd,anonymous,EN,0.8999999761581421,,0,0,,1,45,1,4,4,1,2,1,3,2,1,1,1,1,,1,3,2,3,4,4,4,2,2,2,2,4,3,1|4|2|5|3,4,4,4,1,1,6,2,3,6,7,7,5,7,2|3|7|6|8|1|4|5,1,3,3,1,1,4|2|3|1|5,,4,5,1|2,3,4,2,2,2,1,1,,,,,,,,,,,,,,,,,,,,,,,,Condition3_Ctrl
10/06/24 14:35,10/06/24 14:38,0,9,156,0,17/06/24 14:38,R_1KvyUaS0HKHzmnc,anonymous,EN,1,,0,0,,1,,,,,,,,,,,,,,,,,,,,,,,,,,,,,,,,,,,,,,,,,,,,,,,,,,,,,,,,,,,,,,,,,,,,,,,,,,,,,,,,,,,
10/06/24 14:43,10/06/24 14:51,0,81,525,0,17/06/24 14:51,R_ReQXG2vUQXBIkrD,anonymous,EN,0.699999988,,0,10,,1,71,1,4,4,4,4,4,4,3,1,2,1,2,,2,2,1,1,1,4,5,,2,1,1,4,2,2|1|3|4|5,5,5,5,5,5,2,6,3,5,2,6,6,3,6|2|4|5|3|1|8|7,3,5,5,1,5,2|3|1|4|5,20,5,2,2|1,,,,,,,,,,,,,,,,,,,,,,,,,,,,,,,Condition3_Ctrl
10/06/24 20:06,10/06/24 20:09,0,9,157,0,17/06/24 20:09,R_2ZVMttMzkSZMvOg,anonymous,EN,1,,0,0,,1,,,,,,,,,,,,,,,,,,,,,,,,,,,,,,,,,,,,,,,,,,,,,,,,,,,,,,,,,,,,,,,,,,,,,,,,,,,,,,,,,,,
11/06/24 09:34,11/06/24 09:41,0,69,417,0,18/06/24 09:41,R_pQTDyfcmVPMpGo1,anonymous,EN,1,,0,0,,1,57,1,7,,1,1,1,2,,1,2,1,3,,5,2,1,1,3,3,3,,1,1,1,5,1,1|3|4|2|5,5,,5,5,4,,,,,,,,,,,,,,,,,,,,,,,,,,,,,,,,,,,,,,,,,,,,,,,,,,Condition1_Eco
17/06/24 12:52,18/06/24 14:22,0,100,91821,1,18/06/24 14:22,R_3lMvhYT9wn0piMx,anonymous,EN,1,,0,0,,1,41,2,5,1,1,1,2,1,1,1,2,2,2,,3,4,2,2,4,2,2,3,4,1,1,5,1,3|2|1|4|5,2,4,3,3,3,7,7,7,7,6,7,7,7,5|7|1|4|6|2|8|3,1,2,3,3,5,1|2|4|3|5,20,3,3,2|1,2,2,2,5,5,5,5,7,7,7,7,7,7,7,7,7,6,7,4|10|2|8|5|9|7|1|3|6|11,2,4|2|1|3,1,1,5,2,2,2,2,3,5,Condition3_Ctrl
18/06/24 14:16,18/06/24 14:30,0,100,864,1,18/06/24 14:30,R_1fkKz2deLcUr8hu,anonymous,EN,1,,0,0,,1,38,4,7,1,1,1,4,3,1,1,2,1,1,,1,1,1,1,1,2,5,3,4,1,1,5,1,3|2|5|4|1,5,4,5,5,5,7,7,1,3,3,7,6,6,6|7|2|4|1|8|5|3,3,5,5,1,4,4|3|2|1|5,10,4,4,2|1,1,1,1,4,5,1,5,7,7,7,7,7,7,7,7,7,7,7,11|8|9|7|5|3|6|4|1|2|10,2,1|2|3|4,1,4,5,1,3,2,2,5,6,Condition2_Env
11/06/24 14:27,11/06/24 14:41,0,88,806,0,18/06/24 14:41,R_1FtxzgRu2YVxkVP,anonymous,EN,0.800000012,,0,5,,1,39,2,7,1,1,1,3,4,4,1,1,1,1,,1,4,4,3,2,3,5,4,2,1,1,5,1,5|3|2|4|1,4,3,3,3,3,7,6,6,6,4,6,6,6,8|2|1|4|3|6|7|5,1,2,3,4,4,1|2|3|4|5,,3,4,2|1,5,6,,,,,,7,7,,,,,5,5,7,7,7,3|2|10|9|1|7|8|11|6|5|4,,,,,,,,,,,,Condition3_Ctrl
11/06/24 15:30,11/06/24 15:42,0,69,692,0,18/06/24 15:42,R_8cT0p8RNbZnaE4V,anonymous,EN,1,,0,0,,1,68,1,4,4,4,2,3,2,1,1,2,1,1,,4,4,3,4,4,4,4,3,2,1,4,4,2,1|2|5|4|3,3,3,3,3,3,,,,,,,,,,,,,,,,,,,,,,,,,,,,,,,,,,,,,,,,,,,,,,,,,,Condition1_Eco
18/06/24 16:58,18/06/24 17:20,0,100,1302,1,18/06/24 17:20,R_1Lh5W1KhQzclDqs,anonymous,EN,1,,0,0,,1,27,2,5,2,5,1,3,3,2,1,2,2,1,,2,3,3,2,2,3,2,,1,1,1,4,3,1|4|2|5|3,3,3,1,1,1,6,6,6,6,6,6,6,6,8|4|1|6|2|5|7|3,1,4,4,4,2,4|3|2|1|5,,1,4,1|2,1,1,1,5,5,2,4,6,6,6,6,7,7,7,6,6,6,6,4|11|3|10|2|8|9|6|1|7|5,,4|3|1|2,2,2,2,3,3,3,2,3,3,Condition1_Eco
12/06/24 12:44,12/06/24 12:44,0,9,5,0,19/06/24 12:44,R_2sZr7kFfJuieZz5,anonymous,EN,1,,0,0,,1,,,,,,,,,,,,,,,,,,,,,,,,,,,,,,,,,,,,,,,,,,,,,,,,,,,,,,,,,,,,,,,,,,,,,,,,,,,,,,,,,,,
12/06/24 22:32,13/06/24 22:43,0,9,87041,0,20/06/24 22:43,R_1d0633cmwcqZxIh,anonymous,EN,1,,0,0,,1,,,,,,,,,,,,,,,,,,,,,,,,,,,,,,,,,,,,,,,,,,,,,,,,,,,,,,,,,,,,,,,,,,,,,,,,,,,,,,,,,,,
14/06/24 10:36,14/06/24 10:51,0,66,897,0,21/06/24 10:51,R_1rGqPqPj4fgj2ea,anonymous,EN,1,,0,0,,1,73,1,5,1,4,1,4,1,1,1,2,1,1,,3,3,,,3,3,5,3,2,2,2,4,2,3|5|1|2|4,,,,,,,,,,,,,,,,,,,,,,,,,,,,,,,,,,,,,,,,,,,,,,,,,,,,,,,Condition3_Ctrl
22/06/24 21:40,22/06/24 21:55,0,100,903,1,22/06/24 21:55,R_vJoeau307atzlND,anonymous,EN,0.800000012,,0,,,1,40,1,7,3,1,1,2,3,1,2,2,1,1,10,2,4,1,1,3,,2,4,4,1,1,5,2,1|5|3|2|4,3,4,4,3,1,7,7,6,7,7,5,5,6,2|8|5|4|7|3|6|1,3,5,4,5,5,2|3|4|1|5,,3,3,1|2,6,6,6,6,6,6,6,7,5,7,7,7,6,7,7,7,6,6,5|9|10|11|2|7|3|4|1|8|6,1,1|4|2|3,2,2,5,4,5,3,4,4,4,Condition2_Env
24/06/24 17:41,24/06/24 18:16,0,100,2090,1,24/06/24 18:16,R_3iVApSCK7N5SdLr,anonymous,EN,1,,0,,,1,60,2,3,,4,1,1,1,1,1,2,1,1,,1,4,1,1,5,1,3,,1,1,1,5,1,5|2|4|3|1,1,1,1,1,1,7,7,1,7,7,7,1,1,8|3|7|2|1|6|4|5,1,1,1,1,1,3|2|4|1|5,0,1,4,2|1,6,6,1,5,,1,,7,7,7,7,7,7,7,7,7,7,,9|6|5|2|4|8|3|7|1|11|10,4,4|1|2|3,5,5,1,5,5,4,1,1,1,Condition3_Ctrl
17/06/24 21:01,17/06/24 21:03,0,9,111,0,24/06/24 21:03,R_3HC6o8KaB0FrMSd,anonymous,EN,1,,0,0,,1,,,,,,,,,,,,,,,,,,,,,,,,,,,,,,,,,,,,,,,,,,,,,,,,,,,,,,,,,,,,,,,,,,,,,,,,,,,,,,,,,,,
04/07/24 12:33,04/07/24 12:43,0,100,579,1,04/07/24 12:43,R_1rDHA0lSYosUW3d,anonymous,EN,1,,0,0,,1,50,1,7,4,1,3,3,3,3,1,2,3,2,,4,2,1,1,,,,3,3,2,3,5,1,3|4|1|5|2,4,4,4,4,2,4,5,5,6,5,5,6,6,7|8|4|6|2|1|5|3,5,5,4,2,5,1|4|3|2|5,10,4,4,1|2,4,3,2,3,2,2,4,5,7,7,6,7,7,6,4,7,6,6,1|11|8|6|2|7|10|5|9|4|3,1,2|1|4|3,4,3,4,2,4,4,4,4,6,Condition2_Env
05/06/24 12:20,05/06/24 12:31,0,100,617,1,05/06/24 12:31,R_3g6gSrvVu3WBQTu,anonymous,EN,1,,0,0,,1,27,2,7,3,1,1,2,4,1,1,2,3,2,,4,2,1,1,1,3,5,3,3,1,1,5,5,4|1|5|2|3,5,5,5,5,5,7,7,5,7,1,7,7,5,1|4|3|8|5|2|7|6,4,5,5,4,5,3|4|2|1|5,10,5,5,2|1,5,3,2,1,4,5,1,7,7,7,7,7,7,7,7,7,7,7,10|1|7|8|2|5|3|4|6|9|11,4,4|3|2|1,5,5,5,3,2,3,1,1,1,Condition1_Eco
05/06/24 12:17,05/06/24 12:31,0,100,872,1,05/06/24 12:31,R_2Qmsk2hBAu4PJUo,anonymous,EN,1,,0,0,,1,23,1,2,4,5,1,2,3,1,1,2,3,1,,3,4,1,1,1,2,2,3,2,4,2,2,4,5|2|4|1|3,5,5,5,5,5,7,6,6,7,4,6,7,7,8|4|5|6|1|3|7|2,1,1,1,1,1,3|4|2|1|5,0,5,5,1|2,2,2,1,5,3,1,5,7,2,4,5,4,7,2,7,6,7,7,6|10|3|9|11|1|4|8|2|7|5,4,2|3|1|4,2,3,3,3,3,1,3,3,3,Condition2_Env
05/06/24 13:18,05/06/24 13:38,0,100,1162,1,05/06/24 13:38,R_puY5xRSlb6qiQh3,anonymous,EN,0.899999976,,0,0,,1,49,1,7,4,1,2,4,4,2,1,2,3,2,,3,2,2,2,2,3,4,3,2,2,1,4,4,3|4|1|2|5,4,4,4,2,1,6,6,2,6,5,6,6,6,3|6|2|5|4|7|8|1,4,4,4,3,4,4|1|3|2|5,12,4,5,1|2,2,2,2,4,3,2,1,7,6,6,6,7,7,7,7,7,7,6,6|7|9|1|10|4|5|11|8|3|2,1,4|3|2|1,3,3,4,4,4,3,2,3,3,Condition3_Ctrl
05/06/24 13:31,05/06/24 13:45,0,100,858,1,05/06/24 13:46,R_33pbRLCbXFGK7oR,anonymous,EN,0.899999976,,0,0,,1,23,1,5,4,5,2,2,3,1,1,2,3,2,,4,3,2,2,2,3,3,3,2,3,3,2,4,4|2|3|1|5,5,5,5,3,3,6,5,5,6,5,5,6,7,8|7|3|1|6|2|4|5,4,4,3,1,4,1|4|3|2|5,10,5,5,1|2,1,2,2,3,1,2,2,6,4,5,5,5,5,5,6,5,4,5,10|7|11|1|2|8|3|9|5|4|6,1,3|4|2|1,4,2,3,3,3,3,2,3,3,Condition1_Eco
05/06/24 16:34,05/06/24 17:03,0,100,1768,1,05/06/24 17:03,R_10BJxJ5URkdksqV,anonymous,EN,1,,0,0,,1,30,1,9,7,1,2,4,4,4,2,2,3,1,8,4,4,2,1,1,5,5,4,1,1,1,5,1,3|2|5|1|4,4,4,4,4,4,5,7,7,7,6,6,6,7,7|5|1|6|8|4|2|3,4,4,1,1,5,2|1|4|3|5,10,5,3,1|2,3,3,3,3,5,3,5,7,7,7,7,7,7,7,7,7,7,7,6|10|4|2|11|3|8|9|5|1|7,1,1|2|4|3,4,4,4,5,5,5,7,7,7,Condition2_Env
05/06/24 17:28,05/06/24 17:37,0,100,557,1,05/06/24 17:37,R_1g6mU3FT6KsWWPN,anonymous,EN,1,,0,0,,1,23,1,2,3,5,2,3,3,3,1,2,3,2,,3,4,2,2,4,2,2,3,3,2,2,2,3,1|4|5|2|3,3,3,3,3,3,6,5,5,5,5,5,5,6,6|7|4|1|3|5|2|8,3,4,2,3,3,3|4|1|2|5,11,3,4,1|2,4,3,2,3,4,2,2,6,5,5,6,6,5,6,6,6,6,6,5|1|7|2|3|8|4|6|11|10|9,4,4|2|1|3,4,3,4,4,4,4,2,3,3,Condition3_Ctrl
05/06/24 17:27,05/06/24 17:44,0,100,984,1,05/06/24 17:44,R_BRhB7no1cO9CAud,anonymous,EN,0.800000012,,0,0,,1,33,1,4,5,1,1,3,4,3,1,2,3,2,,3,3,1,1,2,3,4,3,2,2,2,3,4,2|1|5|4|3,5,4,3,4,3,6,6,6,6,6,6,6,6,2|1|3|5|8|7|6|4,3,3,3,4,2,4|3|2|1|5,0,2,2,2|1,2,2,2,4,1,2,2,6,4,4,7,7,6,7,7,7,7,7,11|6|2|8|4|5|9|10|1|7|3,2,3|4|2|1,3,3,4,3,3,3,2,2,2,Condition1_Eco
05/06/24 17:48,05/06/24 18:05,0,100,1007,1,05/06/24 18:05,R_290oXE6yYabE0fY,anonymous,EN,1,,0,0,,1,51,1,5,3,1,4,4,4,2,1,2,2,2,,4,4,1,2,3,4,5,3,3,1,1,5,3,3|1|4|2|5,4,4,4,4,3,5,7,5,3,7,6,6,7,4|1|3|7|6|2|5|8,5,4,5,1,5,2|1|4|3|5,10,4,4,2|1,2,3,4,5,5,3,3,6,7,5,7,7,7,7,7,7,6,6,4|6|10|7|11|1|2|8|3|5|9,1,1|2|3|4,3,3,4,3,3,3,3,2,2,Condition3_Ctrl
05/06/24 17:49,05/06/24 18:16,0,100,1623,1,05/06/24 18:16,R_1f6OHN6Br5aJstY,anonymous,EN,0.800000012,,0,0,,1,26,1,2,6,1,1,2,3,1,1,1,1,1,,1,5,4,4,5,3,3,4,3,5,2,1,5,3|2|5|4|1,2,1,1,1,1,7,2,7,2,7,7,7,6,4|5|3|2|8|1|7|6,1,1,1,5,1,3|1|4|2|5,0,1,1,2|1,5,5,5,3,3,4,6,6,5,5,7,4,6,6,6,6,7,6,4|5|3|2|9|8|7|10|6|1|11,1,4|2|1|3,1,2,3,4,,,,1,1,Condition2_Env
05/06/24 19:23,05/06/24 19:37,0,100,867,1,05/06/24 19:38,R_28Tj3sduL8C6EuO,anonymous,EN,1,,0,0,,1,52,1,6,3,1,2,3,2,4,1,2,3,1,,1,1,1,2,1,4,4,4,2,2,2,4,2,2|5|4|3|1,5,4,4,2,1,6,2,6,7,2,6,2,5,6|1|3|8|5|7|2|4,2,3,3,1,2,3|4|2|1|5,0,5,5,2|1,2,2,2,2,5,4,4,7,6,6,6,7,6,7,6,7,7,6,5|9|3|6|4|10|1|7|8|2|11,1,3|1|2|4,4,4,3,4,4,4,5,5,5,Condition3_Ctrl
13/06/24 12:02,13/06/24 12:26,0,100,1413,1,13/06/24 12:26,R_2YPqWDM4YKLg8qU,anonymous,EN,1,,0,0,,1,23,1,2,2,5,1,1,4,1,1,2,3,2,,4,4,1,1,1,5,5,3,2,2,5,5,4,5|1|3|4|2,5,5,5,4,4,6,6,2,7,3,2,7,6,2|3|1|8|5|4|6|7,4,5,4,1,4,2|3|1|4|5,23,5,5,1|2,2,2,2,5,5,2,5,7,7,7,7,7,7,7,7,7,7,7,11|9|5|8|7|1|10|4|6|3|2,1,3|1|2|4,5,1,5,4,4,4,5,4,5,Condition1_Eco
19/06/24 19:00,19/06/24 19:09,0,100,580,1,19/06/24 19:09,R_3knWfancYjkSHuA,anonymous,EN,1,,0,0,,1,27,1,2,6,5,3,3,5,5,1,2,3,1,,3,3,2,1,1,2,1,4,1,1,1,4,1,2|1|3|5|4,5,5,5,5,5,7,7,1,7,1,5,5,7,1|4|8|6|7|3|2|5,3,3,3,1,3,3|2|4|1|5,,5,5,2|1,5,3,3,3,3,5,5,7,7,7,7,7,7,7,7,7,7,7,5|8|4|2|11|7|3|1|10|9|6,2,3|1|2|4,3,3,3,1,1,1,1,1,1,Condition2_Env
13/06/24 01:33,13/06/24 01:33,0,9,8,0,20/06/24 01:33,R_RmepA273974N1AZ,anonymous,EN,1,,0,5,,1,,,,,,,,,,,,,,,,,,,,,,,,,,,,,,,,,,,,,,,,,,,,,,,,,,,,,,,,,,,,,,,,,,,,,,,,,,,,,,,,,,,